{"type":"FeatureCollection","name":"ventnor_city_road_centerlines","metadata":{"source":"NJOGIS NG911 Road Centerlines (Tran_road)","url":"https://services2.arcgis.com/XVOqAjTOJ5P6ngMu/arcgis/rest/services/Tran_road/FeatureServer/0","query_url":"https://services2.arcgis.com/XVOqAjTOJ5P6ngMu/arcgis/rest/services/Tran_road/FeatureServer/0/query","retrieved_at_utc":"2026-09-04T20:06:22.777357+00:00","source_last_edit_date":1785341586960,"out_sr":4326,"query_envelope_wgs84":[-74.506433,39.3305106,-74.4640293,39.358618],"spatial_relationship":"esriSpatialRelIntersects","boundary_file":"ventnor_city_boundary.geojson","boundary_sha256":"2808070cb1bc5e2f6a04f9668b49c6325d15c38747e92cb31d8c24a0180f06f6","fields":["OBJECTID","PRIMENAME","ELEVTYP_F","ELEVTYP_T"],"feature_count":1024,"complete_objectid_inventory_verified":true,"municipal_clipping":"Envelope selection only; clip against the actual municipal boundary in the application."},"features":[{"type":"Feature","id":1279,"properties":{"OBJECTID":1279,"PRIMENAME":"Atlantic Avenue","ELEVTYP_F":0,"ELEVTYP_T":0},"geometry":{"type":"LineString","coordinates":[[-74.4795755248311,39.3376129566665],[-74.4792004664872,39.3377949842364],[-74.4790563973186,39.3378646164855]]}},{"type":"Feature","id":1394,"properties":{"OBJECTID":1394,"PRIMENAME":"Atlantic Avenue","ELEVTYP_F":0,"ELEVTYP_T":0},"geometry":{"type":"LineString","coordinates":[[-74.4889662517194,39.3330569376468],[-74.4884964102541,39.3332847566476]]}},{"type":"Feature","id":1445,"properties":{"OBJECTID":1445,"PRIMENAME":"North Clermont Avenue","ELEVTYP_F":0,"ELEVTYP_T":0},"geometry":{"type":"LineString","coordinates":[[-74.4958783789792,39.3315861663078],[-74.4961074969407,39.331876173277],[-74.4966637039936,39.3325559682289],[-74.4968275660548,39.3327669506443],[-74.4969698658229,39.3328908397707],[-74.4970173117461,39.3329369410487]]}},{"type":"Feature","id":1867,"properties":{"OBJECTID":1867,"PRIMENAME":"North Annapolis Avenue","ELEVTYP_F":0,"ELEVTYP_T":0},"geometry":{"type":"LineString","coordinates":[[-74.4652831278585,39.3567478643531],[-74.4661127767465,39.3577749360098]]}},{"type":"Feature","id":2068,"properties":{"OBJECTID":2068,"PRIMENAME":"Winchester Avenue","ELEVTYP_F":0,"ELEVTYP_T":0},"geometry":{"type":"LineString","coordinates":[[-74.4952978756133,39.3349559800161],[-74.4946815504765,39.3353027604244],[-74.49456069564,39.3353752415071]]}},{"type":"Feature","id":2563,"properties":{"OBJECTID":2563,"PRIMENAME":"East Drive","ELEVTYP_F":0,"ELEVTYP_T":0},"geometry":{"type":"LineString","coordinates":[[-74.4849201261458,39.3532310525939],[-74.4849238314721,39.3532340203446],[-74.4850219566113,39.3533126071314],[-74.4850618231156,39.3533340425422],[-74.4851170237544,39.3533459556286],[-74.4852074327426,39.3533447366453]]}},{"type":"Feature","id":3348,"properties":{"OBJECTID":3348,"PRIMENAME":"Winchester Avenue","ELEVTYP_F":0,"ELEVTYP_T":0},"geometry":{"type":"LineString","coordinates":[[-74.4674927557825,39.3470660656876],[-74.4675059638947,39.3470699113375],[-74.4675266487119,39.3470727726831],[-74.4675448617766,39.3470718165967],[-74.4675616958045,39.3470674280306],[-74.4676747016983,39.3470192182991],[-74.4680384471625,39.3468504588866]]}},{"type":"Feature","id":3512,"properties":{"OBJECTID":3512,"PRIMENAME":"North Melbourne Avenue","ELEVTYP_F":0,"ELEVTYP_T":0},"geometry":{"type":"LineString","coordinates":[[-74.4910518539856,39.3357195804943],[-74.4909619904788,39.3356074123637],[-74.4900106710725,39.3344282822303]]}},{"type":"Feature","id":4046,"properties":{"OBJECTID":4046,"PRIMENAME":"North Exeter Avenue","ELEVTYP_F":0,"ELEVTYP_T":0},"geometry":{"type":"LineString","coordinates":[[-74.4996866508054,39.3324249083836],[-74.4997205941472,39.3324602924433],[-74.5005125904236,39.3332859002156],[-74.5008299468598,39.3336443204962]]}},{"type":"Feature","id":4616,"properties":{"OBJECTID":4616,"PRIMENAME":"Essex Court","ELEVTYP_F":0,"ELEVTYP_T":0},"geometry":{"type":"LineString","coordinates":[[-74.4947022421563,39.3403498508814],[-74.4937845920306,39.3408430941737]]}},{"type":"Feature","id":4798,"properties":{"OBJECTID":4798,"PRIMENAME":"South Swarthmore Avenue","ELEVTYP_F":0,"ELEVTYP_T":0},"geometry":{"type":"LineString","coordinates":[[-74.4900713651921,39.3325210519333],[-74.4899330093626,39.3323488854893],[-74.48941596866,39.331704141424]]}},{"type":"Feature","id":4816,"properties":{"OBJECTID":4816,"PRIMENAME":"Edgewater Avenue","ELEVTYP_F":0,"ELEVTYP_T":0},"geometry":{"type":"LineString","coordinates":[[-74.4766256289282,39.3430075045018],[-74.4759936330103,39.3433113775193]]}},{"type":"Feature","id":4891,"properties":{"OBJECTID":4891,"PRIMENAME":"North Somerset Avenue","ELEVTYP_F":0,"ELEVTYP_T":0},"geometry":{"type":"LineString","coordinates":[[-74.477658847013,39.3442833503151],[-74.4777223307315,39.3443612854348],[-74.4785197052857,39.3453530645367],[-74.4786915695655,39.3455649256617]]}},{"type":"Feature","id":5118,"properties":{"OBJECTID":5118,"PRIMENAME":"Winchester Avenue","ELEVTYP_F":0,"ELEVTYP_T":0},"geometry":{"type":"LineString","coordinates":[[-74.4874726512287,39.3374561978002],[-74.4871968711463,39.3375936445055],[-74.4869530218848,39.3377078927927]]}},{"type":"Feature","id":5344,"properties":{"OBJECTID":5344,"PRIMENAME":"North Washington Avenue","ELEVTYP_F":0,"ELEVTYP_T":0},"geometry":{"type":"LineString","coordinates":[[-74.4949570322198,39.3370197870229],[-74.4954554328517,39.3375427233244],[-74.4957931136603,39.3378984392118],[-74.4958562945676,39.337964942206],[-74.4958790884285,39.3379796767145],[-74.4958955074093,39.3379828463549],[-74.4959092954565,39.3379855087428]]}},{"type":"Feature","id":5626,"properties":{"OBJECTID":5626,"PRIMENAME":"Winchester Avenue","ELEVTYP_F":0,"ELEVTYP_T":0},"geometry":{"type":"LineString","coordinates":[[-74.4716435920893,39.3449834523253],[-74.4719845096557,39.3448128084729],[-74.4720119568045,39.3447974661388]]}},{"type":"Feature","id":6379,"properties":{"OBJECTID":6379,"PRIMENAME":"Winchester Road","ELEVTYP_F":0,"ELEVTYP_T":0},"geometry":{"type":"LineString","coordinates":[[-74.4995743282391,39.3307621096337],[-74.4995583210997,39.3308056666463],[-74.4994576314426,39.3308839181551],[-74.4993651086399,39.3309539875247]]}},{"type":"Feature","id":6888,"properties":{"OBJECTID":6888,"PRIMENAME":"Atlantic Avenue","ELEVTYP_F":0,"ELEVTYP_T":0},"geometry":{"type":"LineString","coordinates":[[-74.4801022525581,39.3373573430519],[-74.4795755248311,39.3376129566665]]}},{"type":"Feature","id":7142,"properties":{"OBJECTID":7142,"PRIMENAME":"North Newport Avenue","ELEVTYP_F":0,"ELEVTYP_T":0},"geometry":{"type":"LineString","coordinates":[[-74.484785857119,39.3395538820946],[-74.4848629889585,39.3396488657525],[-74.4852782788167,39.3401548929697],[-74.4853565419534,39.3402607213189]]}},{"type":"Feature","id":7381,"properties":{"OBJECTID":7381,"PRIMENAME":"Winchester Avenue","ELEVTYP_F":0,"ELEVTYP_T":0},"geometry":{"type":"LineString","coordinates":[[-74.4991010584711,39.332765865239],[-74.4990057398711,39.332821519454],[-74.498622588383,39.3330404836063]]}},{"type":"Feature","id":7667,"properties":{"OBJECTID":7667,"PRIMENAME":"South Plaza Place","ELEVTYP_F":0,"ELEVTYP_T":0},"geometry":{"type":"LineString","coordinates":[[-74.4639666449353,39.3451792923339],[-74.4650532703656,39.346532832267]]}},{"type":"Feature","id":7837,"properties":{"OBJECTID":7837,"PRIMENAME":"North Dorset Avenue","ELEVTYP_F":0,"ELEVTYP_T":0},"geometry":{"type":"LineString","coordinates":[[-74.4795935527065,39.3433475652759],[-74.4796094592327,39.3433673922395],[-74.4804349880738,39.3443895864482],[-74.4806261210998,39.3446269274594]]}},{"type":"Feature","id":7989,"properties":{"OBJECTID":7989,"PRIMENAME":"North Argyle Avenue","ELEVTYP_F":0,"ELEVTYP_T":0},"geometry":{"type":"LineString","coordinates":[[-74.4974057478596,39.3371454271633],[-74.4976805374374,39.3374338121046],[-74.498359106046,39.3381421006017]]}},{"type":"Feature","id":8137,"properties":{"OBJECTID":8137,"PRIMENAME":"Jackson Avenue","ELEVTYP_F":0,"ELEVTYP_T":0},"geometry":{"type":"LineString","coordinates":[[-74.4659741514747,39.3451956021334],[-74.4664985166774,39.3458298141401]]}},{"type":"Feature","id":8483,"properties":{"OBJECTID":8483,"PRIMENAME":"North Surrey Avenue","ELEVTYP_F":0,"ELEVTYP_T":0},"geometry":{"type":"LineString","coordinates":[[-74.4815337945436,39.3512757923386],[-74.4816385455377,39.3514062283344],[-74.4818238549157,39.3516356129144]]}},{"type":"Feature","id":8533,"properties":{"OBJECTID":8533,"PRIMENAME":"Martindale Avenue","ELEVTYP_F":0,"ELEVTYP_T":0},"geometry":{"type":"LineString","coordinates":[[-74.4911157874674,39.3320149139595],[-74.4910465738747,39.3319243831492],[-74.4904766431079,39.3312082357315]]}},{"type":"Feature","id":8640,"properties":{"OBJECTID":8640,"PRIMENAME":"Marshall Court","ELEVTYP_F":0,"ELEVTYP_T":0},"geometry":{"type":"LineString","coordinates":[[-74.4848673259288,39.3514722944238],[-74.4848678525506,39.3514729268616],[-74.4849758507748,39.3516027846536],[-74.4852194155766,39.3514861599056],[-74.4856867688867,39.3512623793727]]}},{"type":"Feature","id":9036,"properties":{"OBJECTID":9036,"PRIMENAME":"Calvert Avenue","ELEVTYP_F":0,"ELEVTYP_T":0},"geometry":{"type":"LineString","coordinates":[[-74.4919031482493,39.3384105783664],[-74.4919813233565,39.338433317596],[-74.4920692916082,39.3384561132909],[-74.4921344560025,39.3384662491557],[-74.4922224268697,39.3384662550653],[-74.4923006051925,39.3384611805763],[-74.4923950826809,39.3384510823652],[-74.4924863101614,39.3384258006635],[-74.4925644902055,39.3383929124928],[-74.4927429189023,39.3382918002751],[-74.492743908478,39.3382912238164]]}},{"type":"Feature","id":9615,"properties":{"OBJECTID":9615,"PRIMENAME":"Ventnor Avenue","ELEVTYP_F":0,"ELEVTYP_T":0},"geometry":{"type":"LineString","coordinates":[[-74.4964120014572,39.3313240803791],[-74.4958783789792,39.3315861663078]]}},{"type":"Feature","id":9874,"properties":{"OBJECTID":9874,"PRIMENAME":"Atlantic Avenue","ELEVTYP_F":0,"ELEVTYP_T":0},"geometry":{"type":"LineString","coordinates":[[-74.491645259207,39.3317583130236],[-74.4911157874674,39.3320149139595]]}},{"type":"Feature","id":10218,"properties":{"OBJECTID":10218,"PRIMENAME":"North Oxford Avenue","ELEVTYP_F":0,"ELEVTYP_T":0},"geometry":{"type":"LineString","coordinates":[[-74.4813848342584,39.3478233794375],[-74.4811687676382,39.3475563549282],[-74.4803510034629,39.34654262461]]}},{"type":"Feature","id":10619,"properties":{"OBJECTID":10619,"PRIMENAME":"North Cambridge Avenue","ELEVTYP_F":0,"ELEVTYP_T":0},"geometry":{"type":"LineString","coordinates":[[-74.4852497302475,39.3459417979697],[-74.4853882070254,39.3461136119709],[-74.4862758613382,39.3472287133063]]}},{"type":"Feature","id":10952,"properties":{"OBJECTID":10952,"PRIMENAME":"Filbert Avenue","ELEVTYP_F":0,"ELEVTYP_T":0},"geometry":{"type":"LineString","coordinates":[[-74.4649329859909,39.3547749910293],[-74.4644756552836,39.3549964283027]]}},{"type":"Feature","id":10986,"properties":{"OBJECTID":10986,"PRIMENAME":"North Dorset Avenue","ELEVTYP_F":0,"ELEVTYP_T":0},"geometry":{"type":"LineString","coordinates":[[-74.4784756109787,39.3418960947845],[-74.4784780833606,39.3418992102513],[-74.478583830849,39.3420603463771]]}},{"type":"Feature","id":11079,"properties":{"OBJECTID":11079,"PRIMENAME":"North Granville Avenue","ELEVTYP_F":0,"ELEVTYP_T":0},"geometry":{"type":"LineString","coordinates":[[-74.5038035033966,39.333473341735],[-74.5028531356743,39.332479018998]]}},{"type":"Feature","id":11239,"properties":{"OBJECTID":11239,"PRIMENAME":"Oxford Avenue","ELEVTYP_F":0,"ELEVTYP_T":0},"geometry":{"type":"LineString","coordinates":[[-74.4844677771163,39.3516629768212],[-74.483948486924,39.351005353933]]}},{"type":"Feature","id":11310,"properties":{"OBJECTID":11310,"PRIMENAME":"Amherst Avenue","ELEVTYP_F":0,"ELEVTYP_T":0},"geometry":{"type":"LineString","coordinates":[[-74.5007755874057,39.3352150174617],[-74.5009627981065,39.3351071652531],[-74.5012065791167,39.3349664748091]]}},{"type":"Feature","id":12051,"properties":{"OBJECTID":12051,"PRIMENAME":"Balfour Avenue","ELEVTYP_F":0,"ELEVTYP_T":0},"geometry":{"type":"LineString","coordinates":[[-74.4913725387437,39.3406244942491],[-74.4919426390914,39.3402954375706]]}},{"type":"Feature","id":12170,"properties":{"OBJECTID":12170,"PRIMENAME":"Monmouth Avenue","ELEVTYP_F":0,"ELEVTYP_T":0},"geometry":{"type":"LineString","coordinates":[[-74.4973918377598,39.3356212154657],[-74.4974824239001,39.3355686919232],[-74.4978361747875,39.335366506928]]}},{"type":"Feature","id":12503,"properties":{"OBJECTID":12503,"PRIMENAME":"Jackson Avenue","ELEVTYP_F":0,"ELEVTYP_T":0},"geometry":{"type":"LineString","coordinates":[[-74.4654129142658,39.344479899193],[-74.4655581824101,39.3446677012326],[-74.4659741514747,39.3451956021334]]}},{"type":"Feature","id":12553,"properties":{"OBJECTID":12553,"PRIMENAME":"North Lafayette Avenue","ELEVTYP_F":0,"ELEVTYP_T":0},"geometry":{"type":"LineString","coordinates":[[-74.492743908478,39.3382912238164],[-74.4936950949397,39.3392934535026]]}},{"type":"Feature","id":12724,"properties":{"OBJECTID":12724,"PRIMENAME":"Monmouth Avenue","ELEVTYP_F":0,"ELEVTYP_T":0},"geometry":{"type":"LineString","coordinates":[[-74.506102685742,39.3306122115459],[-74.5064348920505,39.3304177988231],[-74.5066985847309,39.3302656724345]]}},{"type":"Feature","id":12795,"properties":{"OBJECTID":12795,"PRIMENAME":"South Stratford Place","ELEVTYP_F":0,"ELEVTYP_T":0},"geometry":{"type":"LineString","coordinates":[[-74.4816750918904,39.3365904290293],[-74.4808527832706,39.3355657168969]]}},{"type":"Feature","id":12811,"properties":{"OBJECTID":12811,"PRIMENAME":"North Annapolis Avenue","ELEVTYP_F":0,"ELEVTYP_T":0},"geometry":{"type":"LineString","coordinates":[[-74.4627997365003,39.3536682883103],[-74.4638428210973,39.3549671021233],[-74.4640437227303,39.3552057088765]]}},{"type":"Feature","id":13410,"properties":{"OBJECTID":13410,"PRIMENAME":"Windsor Road","ELEVTYP_F":0,"ELEVTYP_T":0},"geometry":{"type":"LineString","coordinates":[[-74.4632481082176,39.3534610497177],[-74.4644756552836,39.3549964283027]]}},{"type":"Feature","id":13957,"properties":{"OBJECTID":13957,"PRIMENAME":"East Colmar Circle","ELEVTYP_F":0,"ELEVTYP_T":0},"geometry":{"type":"LineString","coordinates":[[-74.5048980915423,39.3351319420624],[-74.5048367340086,39.3354537116293],[-74.504809910112,39.3356205407029],[-74.5048022255799,39.3359661408148]]}},{"type":"Feature","id":13995,"properties":{"OBJECTID":13995,"PRIMENAME":"Burk Avenue","ELEVTYP_F":0,"ELEVTYP_T":0},"geometry":{"type":"LineString","coordinates":[[-74.4999866376696,39.3433188774206],[-74.5000306621049,39.3433103377156],[-74.5001040713088,39.3432818377715],[-74.5002288587665,39.3432191266396],[-74.5002428950758,39.3432110490267],[-74.500613182628,39.3429979514883],[-74.5010062733147,39.3427717268313],[-74.5011647402139,39.3426805280029],[-74.5013819912862,39.3425549100317]]}},{"type":"Feature","id":14176,"properties":{"OBJECTID":14176,"PRIMENAME":"North Dudley Avenue","ELEVTYP_F":0,"ELEVTYP_T":0},"geometry":{"type":"LineString","coordinates":[[-74.4799504135562,39.3449545654044],[-74.4800835732282,39.3451191639199],[-74.4809826574953,39.3462366687909]]}},{"type":"Feature","id":14639,"properties":{"OBJECTID":14639,"PRIMENAME":"Brunswick Court","ELEVTYP_F":0,"ELEVTYP_T":0},"geometry":{"type":"LineString","coordinates":[[-74.5046319432365,39.341805365324],[-74.5044863292698,39.3417796438244],[-74.5043925194303,39.3417688565709],[-74.5042952439027,39.3417688602033],[-74.5041424187942,39.3417796565794],[-74.504022853072,39.3417995597251],[-74.5038992513295,39.3418201357902]]}},{"type":"Feature","id":14673,"properties":{"OBJECTID":14673,"PRIMENAME":"South Portland Avenue","ELEVTYP_F":0,"ELEVTYP_T":0},"geometry":{"type":"LineString","coordinates":[[-74.4817728917256,39.3376127827672],[-74.4814275049161,39.3371798883239]]}},{"type":"Feature","id":14916,"properties":{"OBJECTID":14916,"PRIMENAME":"South Surrey Avenue","ELEVTYP_F":0,"ELEVTYP_T":0},"geometry":{"type":"LineString","coordinates":[[-74.4717128858554,39.3414225671338],[-74.4718663060106,39.3416134846969],[-74.4728002750484,39.3427741684318]]}},{"type":"Feature","id":15261,"properties":{"OBJECTID":15261,"PRIMENAME":"Amherst Avenue","ELEVTYP_F":0,"ELEVTYP_T":0},"geometry":{"type":"LineString","coordinates":[[-74.5029311211108,39.3339762399899],[-74.5030975379576,39.3338812899054],[-74.5032002087837,39.333821925299]]}},{"type":"Feature","id":15660,"properties":{"OBJECTID":15660,"PRIMENAME":"North Clarendon Avenue","ELEVTYP_F":0,"ELEVTYP_T":0},"geometry":{"type":"LineString","coordinates":[[-74.4983287358022,39.3350849999815],[-74.4983361955112,39.3350927065485],[-74.498408047057,39.3351669390953],[-74.4988612675561,39.3356351593558],[-74.4992701287666,39.3360782340406]]}},{"type":"Feature","id":15932,"properties":{"OBJECTID":15932,"PRIMENAME":"North Argyle Avenue","ELEVTYP_F":0,"ELEVTYP_T":0},"geometry":{"type":"LineString","coordinates":[[-74.498359106046,39.3381421006017],[-74.4985681227427,39.3381638543896]]}},{"type":"Feature","id":16112,"properties":{"OBJECTID":16112,"PRIMENAME":"South Lafayette Avenue","ELEVTYP_F":0,"ELEVTYP_T":0},"geometry":{"type":"LineString","coordinates":[[-74.4893778900684,39.3347349190419],[-74.4892615902026,39.3345902656257],[-74.4884177299001,39.3335467388437]]}},{"type":"Feature","id":16299,"properties":{"OBJECTID":16299,"PRIMENAME":"North Elberon Avenue","ELEVTYP_F":0,"ELEVTYP_T":0},"geometry":{"type":"LineString","coordinates":[[-74.4635391819779,39.3575859970446],[-74.4641544039883,39.3583519847467],[-74.4647528525758,39.3590916594712]]}},{"type":"Feature","id":16882,"properties":{"OBJECTID":16882,"PRIMENAME":"Bayshore Drive","ELEVTYP_F":0,"ELEVTYP_T":0},"geometry":{"type":"LineString","coordinates":[[-74.5046319432365,39.341805365324],[-74.504660013713,39.3417284023816],[-74.5047051610128,39.3416204949293],[-74.5047677047838,39.3415098969194],[-74.5048054061959,39.3414513299379],[-74.5048580050237,39.3413696159424],[-74.5049934217308,39.3412255990959]]}},{"type":"Feature","id":17234,"properties":{"OBJECTID":17234,"PRIMENAME":"South Washington Avenue","ELEVTYP_F":0,"ELEVTYP_T":0},"geometry":{"type":"LineString","coordinates":[[-74.4899527225951,39.3314653525259],[-74.4904304609036,39.3320578023574],[-74.4905984398539,39.3322655815948]]}},{"type":"Feature","id":17550,"properties":{"OBJECTID":17550,"PRIMENAME":"Monmouth Avenue","ELEVTYP_F":0,"ELEVTYP_T":0},"geometry":{"type":"LineString","coordinates":[[-74.4837836956721,39.34102636671],[-74.4840409295277,39.3409008695085],[-74.4843084528874,39.3407732039661]]}},{"type":"Feature","id":18271,"properties":{"OBJECTID":18271,"PRIMENAME":"Surrey Court","ELEVTYP_F":0,"ELEVTYP_T":0},"geometry":{"type":"LineString","coordinates":[[-74.48337310583,39.352191419684],[-74.4837450140276,39.3526505650794]]}},{"type":"Feature","id":19282,"properties":{"OBJECTID":19282,"PRIMENAME":"Frontenac Avenue","ELEVTYP_F":0,"ELEVTYP_T":0},"geometry":{"type":"LineString","coordinates":[[-74.49916885404,39.3311026656802],[-74.4990644517518,39.3311817951122]]}},{"type":"Feature","id":19407,"properties":{"OBJECTID":19407,"PRIMENAME":"Monmouth Avenue","ELEVTYP_F":0,"ELEVTYP_T":0},"geometry":{"type":"LineString","coordinates":[[-74.4890300345059,39.3384821973629],[-74.4895572641244,39.3382289020769]]}},{"type":"Feature","id":19551,"properties":{"OBJECTID":19551,"PRIMENAME":"Burk Avenue","ELEVTYP_F":0,"ELEVTYP_T":0},"geometry":{"type":"LineString","coordinates":[[-74.4874830015548,39.3519858475415],[-74.4871279044554,39.3521584564428],[-74.4868041070315,39.3523150063492]]}},{"type":"Feature","id":19779,"properties":{"OBJECTID":19779,"PRIMENAME":"Winchester Avenue","ELEVTYP_F":0,"ELEVTYP_T":0},"geometry":{"type":"LineString","coordinates":[[-74.4916719420531,39.3354186719097],[-74.4910518539856,39.3357195804943]]}},{"type":"Feature","id":20025,"properties":{"OBJECTID":20025,"PRIMENAME":"Burk Avenue","ELEVTYP_F":0,"ELEVTYP_T":0},"geometry":{"type":"LineString","coordinates":[[-74.4856601758387,39.3528688733398],[-74.4850298964382,39.3531768523671],[-74.4849201261458,39.3532310525939]]}},{"type":"Feature","id":20146,"properties":{"OBJECTID":20146,"PRIMENAME":"Fulton Avenue","ELEVTYP_F":0,"ELEVTYP_T":0},"geometry":{"type":"LineString","coordinates":[[-74.4784061274461,39.3492496846173],[-74.4784337098628,39.3492520786827],[-74.4784675227363,39.3492353911059],[-74.4785648403776,39.349188382209]]}},{"type":"Feature","id":20390,"properties":{"OBJECTID":20390,"PRIMENAME":"Winchester Avenue","ELEVTYP_F":0,"ELEVTYP_T":0},"geometry":{"type":"LineString","coordinates":[[-74.4822292314226,39.3400013409893],[-74.4820814133807,39.3400722113981],[-74.4817031298043,39.3402563057159]]}},{"type":"Feature","id":20618,"properties":{"OBJECTID":20618,"PRIMENAME":"North Swarthmore Avenue","ELEVTYP_F":0,"ELEVTYP_T":0},"geometry":{"type":"LineString","coordinates":[[-74.4930798002037,39.3362517778414],[-74.4929914883201,39.3361514723903],[-74.4926103888264,39.3356783668212],[-74.4921959573589,39.3351645950119]]}},{"type":"Feature","id":20627,"properties":{"OBJECTID":20627,"PRIMENAME":"Balfour Avenue","ELEVTYP_F":0,"ELEVTYP_T":0},"geometry":{"type":"LineString","coordinates":[[-74.4929324708769,39.3397218192126],[-74.4930784758985,39.339636602077]]}},{"type":"Feature","id":20896,"properties":{"OBJECTID":20896,"PRIMENAME":"North Victoria Avenue","ELEVTYP_F":0,"ELEVTYP_T":0},"geometry":{"type":"LineString","coordinates":[[-74.4788567925189,39.3490473559284],[-74.4796276871461,39.3500054332926],[-74.4798870968754,39.3503268329053]]}},{"type":"Feature","id":20904,"properties":{"OBJECTID":20904,"PRIMENAME":"North Fredericksburg Avenue","ELEVTYP_F":0,"ELEVTYP_T":0},"geometry":{"type":"LineString","coordinates":[[-74.4976044087627,39.3385761803485],[-74.4980295024081,39.3390236176324]]}},{"type":"Feature","id":21408,"properties":{"OBJECTID":21408,"PRIMENAME":"North Brunswick Drive","ELEVTYP_F":0,"ELEVTYP_T":0},"geometry":{"type":"LineString","coordinates":[[-74.4988445205474,39.337124982929],[-74.4991669824643,39.3369396370366]]}},{"type":"Feature","id":21580,"properties":{"OBJECTID":21580,"PRIMENAME":"South Rosborough Park","ELEVTYP_F":0,"ELEVTYP_T":0},"geometry":{"type":"LineString","coordinates":[[-74.4860088106266,39.3329132480619],[-74.4860276737809,39.3329366066306],[-74.4862701869226,39.3332369037791],[-74.4868379674915,39.3339398392446],[-74.4868966145238,39.3339828705269],[-74.4869678845023,39.3340255734952]]}},{"type":"Feature","id":22434,"properties":{"OBJECTID":22434,"PRIMENAME":"South Richards Avenue","ELEVTYP_F":0,"ELEVTYP_T":0},"geometry":{"type":"LineString","coordinates":[[-74.484828090622,39.3350654622275],[-74.4849657676877,39.3352374426975],[-74.4859139013537,39.3364148010721]]}},{"type":"Feature","id":22797,"properties":{"OBJECTID":22797,"PRIMENAME":"Ventnor Gardens Plaza","ELEVTYP_F":0,"ELEVTYP_T":0},"geometry":{"type":"LineString","coordinates":[[-74.4900442356979,39.3388412588978],[-74.4903948020698,39.3386716877762]]}},{"type":"Feature","id":22897,"properties":{"OBJECTID":22897,"PRIMENAME":"South Little Rock Avenue","ELEVTYP_F":0,"ELEVTYP_T":0},"geometry":{"type":"LineString","coordinates":[[-74.4698058473218,39.3408872017673],[-74.4706494744235,39.341937668626]]}},{"type":"Feature","id":23099,"properties":{"OBJECTID":23099,"PRIMENAME":"Winchester Avenue","ELEVTYP_F":0,"ELEVTYP_T":0},"geometry":{"type":"LineString","coordinates":[[-74.4891459750873,39.3366449339418],[-74.4888666311397,39.3367810934249],[-74.4885248748154,39.3369451424859]]}},{"type":"Feature","id":23746,"properties":{"OBJECTID":23746,"PRIMENAME":"South Martindale Avenue","ELEVTYP_F":0,"ELEVTYP_T":0},"geometry":{"type":"LineString","coordinates":[[-74.4921900402266,39.3333708934418],[-74.4921487482313,39.3333371182525],[-74.4921068208461,39.33330131167],[-74.4920272107601,39.3332069099603],[-74.4912403897822,39.3321778761584]]}},{"type":"Feature","id":24396,"properties":{"OBJECTID":24396,"PRIMENAME":"Winchester Avenue","ELEVTYP_F":0,"ELEVTYP_T":0},"geometry":{"type":"LineString","coordinates":[[-74.4957203291053,39.3347072366221],[-74.495439978075,39.3348760312518],[-74.4952978756133,39.3349559800161]]}},{"type":"Feature","id":24409,"properties":{"OBJECTID":24409,"PRIMENAME":"Monmouth Avenue","ELEVTYP_F":0,"ELEVTYP_T":0},"geometry":{"type":"LineString","coordinates":[[-74.4990207460896,39.334244471234],[-74.4995041364963,39.3339651283414]]}},{"type":"Feature","id":25658,"properties":{"OBJECTID":25658,"PRIMENAME":"South Vassar Square","ELEVTYP_F":0,"ELEVTYP_T":0},"geometry":{"type":"LineString","coordinates":[[-74.465939048453,39.3442254875354],[-74.4651114338714,39.3432092433419]]}},{"type":"Feature","id":25703,"properties":{"OBJECTID":25703,"PRIMENAME":"Kingsley Drive","ELEVTYP_F":0,"ELEVTYP_T":0},"geometry":{"type":"LineString","coordinates":[[-74.4948393358061,39.3417008967788],[-74.4948834977631,39.3417420568534],[-74.4951728627179,39.3420426937713],[-74.4952471840961,39.3421216629532],[-74.4952823649238,39.3421641674196],[-74.4953058407179,39.3422006314562],[-74.4953136527664,39.3422370669334],[-74.4953136503346,39.3422735020956],[-74.4953019085587,39.3423129842331],[-74.4952627976732,39.3423494178105],[-74.4951454677101,39.3424162433541],[-74.4946565561654,39.3426955945087],[-74.4941598604586,39.3429810390033],[-74.4940777143317,39.343026586233],[-74.4940347145914,39.3430387197822],[-74.4939955704349,39.3430448135675],[-74.4939447574032,39.3430417625871],[-74.4938860956894,39.3430174601085],[-74.4938469555265,39.3429779754409],[-74.4938078502112,39.3429384907618],[-74.493764854253,39.3429081211815],[-74.4937022700087,39.3428747301034],[-74.4936475334723,39.3428473802677],[-74.4935693199642,39.342817008688],[-74.4935067338934,39.3427927058004],[-74.4934558873645,39.3427653831155],[-74.4933972283525,39.3427289446447],[-74.4933385705555,39.3426803433751],[-74.4932654161867,39.3426061779831]]}},{"type":"Feature","id":26110,"properties":{"OBJECTID":26110,"PRIMENAME":"North Delavan Avenue","ELEVTYP_F":0,"ELEVTYP_T":0},"geometry":{"type":"LineString","coordinates":[[-74.5012075254586,39.3365021636218],[-74.5010361819197,39.3363199343323],[-74.5003548094351,39.33560331429],[-74.5002483503268,39.3355188299707]]}},{"type":"Feature","id":27161,"properties":{"OBJECTID":27161,"PRIMENAME":"Winchester Avenue","ELEVTYP_F":0,"ELEVTYP_T":0},"geometry":{"type":"LineString","coordinates":[[-74.4869530218848,39.3377078927927],[-74.4864198480661,39.3379577164894]]}},{"type":"Feature","id":27420,"properties":{"OBJECTID":27420,"PRIMENAME":"North Brunswick Drive","ELEVTYP_F":0,"ELEVTYP_T":0},"geometry":{"type":"LineString","coordinates":[[-74.499411907449,39.3382476481218],[-74.4995052028881,39.3382114124459],[-74.4997427078473,39.3380774289676]]}},{"type":"Feature","id":27759,"properties":{"OBJECTID":27759,"PRIMENAME":"North Cambridge Avenue","ELEVTYP_F":0,"ELEVTYP_T":0},"geometry":{"type":"LineString","coordinates":[[-74.4883387055654,39.3497864285602],[-74.4884547108072,39.3499310545664],[-74.4893695832535,39.3510678528308]]}},{"type":"Feature","id":28635,"properties":{"OBJECTID":28635,"PRIMENAME":"North Wyoming Avenue","ELEVTYP_F":0,"ELEVTYP_T":0},"geometry":{"type":"LineString","coordinates":[[-74.4911028587984,39.3379836687711],[-74.4912157499064,39.3381246203668],[-74.4912776551454,39.3381828337626],[-74.4913296974675,39.3382156758907]]}},{"type":"Feature","id":30443,"properties":{"OBJECTID":30443,"PRIMENAME":"South Nashville Avenue","ELEVTYP_F":0,"ELEVTYP_T":0},"geometry":{"type":"LineString","coordinates":[[-74.4685527357653,39.3429565930001],[-74.4687415255106,39.343193541277],[-74.4696398767196,39.3443054497941]]}},{"type":"Feature","id":31644,"properties":{"OBJECTID":31644,"PRIMENAME":"Hampshire Drive","ELEVTYP_F":0,"ELEVTYP_T":0},"geometry":{"type":"LineString","coordinates":[[-74.4920838375865,39.3402139002779],[-74.4922750374517,39.3404148150886],[-74.4923766843254,39.3405241273086],[-74.4924392622415,39.3405909608845],[-74.4924705518272,39.3406243506352],[-74.4924979185067,39.3406425839506],[-74.4925292110505,39.3406486538372],[-74.492572243747,39.3406425887158],[-74.4926230923376,39.3406213399746],[-74.4928695262526,39.3404816554853],[-74.4932214763011,39.3402812411615],[-74.4932957695488,39.3402356670382],[-74.4933270651508,39.3402083769107],[-74.493334881716,39.3401840779332],[-74.4933348845988,39.3401537106331],[-74.493319258981,39.3401233703623],[-74.4932762316134,39.3400777894598],[-74.4931588873994,39.3399532659703],[-74.4929324708769,39.3397218192126]]}},{"type":"Feature","id":32482,"properties":{"OBJECTID":32482,"PRIMENAME":"North Cambridge Avenue","ELEVTYP_F":0,"ELEVTYP_T":0},"geometry":{"type":"LineString","coordinates":[[-74.4862758613382,39.3472287133063],[-74.4863863065642,39.3473674377629],[-74.4872927701518,39.3484850591772]]}},{"type":"Feature","id":33434,"properties":{"OBJECTID":33434,"PRIMENAME":"South Cambridge Avenue","ELEVTYP_F":0,"ELEVTYP_T":0},"geometry":{"type":"LineString","coordinates":[[-74.4790563973186,39.3378646164855],[-74.4789138874582,39.3376854073109],[-74.4784322850533,39.3370885996832]]}},{"type":"Feature","id":35671,"properties":{"OBJECTID":35671,"PRIMENAME":"Surrey Place","ELEVTYP_F":0,"ELEVTYP_T":0},"geometry":{"type":"LineString","coordinates":[[-74.4734445185331,39.3435848428856],[-74.4735246429228,39.3436862592658]]}},{"type":"Feature","id":36332,"properties":{"OBJECTID":36332,"PRIMENAME":"North Newport Avenue","ELEVTYP_F":0,"ELEVTYP_T":0},"geometry":{"type":"LineString","coordinates":[[-74.4843293594004,39.3389879083343],[-74.4844314467066,39.3391175463153],[-74.4845971518981,39.339321555647],[-74.484785857119,39.3395538820946]]}},{"type":"Feature","id":36381,"properties":{"OBJECTID":36381,"PRIMENAME":"Burk Court","ELEVTYP_F":0,"ELEVTYP_T":0},"geometry":{"type":"LineString","coordinates":[[-74.4829064456138,39.3518672799461],[-74.4831341029245,39.3517602148354],[-74.4832168484048,39.3518619851066],[-74.482977991623,39.3519753003682]]}},{"type":"Feature","id":36462,"properties":{"OBJECTID":36462,"PRIMENAME":"East Drive","ELEVTYP_F":0,"ELEVTYP_T":0},"geometry":{"type":"LineString","coordinates":[[-74.4840758749757,39.3537691493476],[-74.4842088027425,39.3536998104381],[-74.4844572054659,39.3536660121238],[-74.4846947024391,39.3536795764725],[-74.4849646918271,39.353647365338],[-74.4849843608038,39.3536436923003],[-74.4850029684654,39.3536375297853],[-74.4850199960908,39.3536290495841],[-74.4850349690053,39.3536184880972],[-74.4851826124699,39.353495368862],[-74.4851946767319,39.3534831282654],[-74.4852034911575,39.3534693177759],[-74.4852087281052,39.3534544507474],[-74.4852101929134,39.353439079806],[-74.4852074327426,39.3533447366453]]}},{"type":"Feature","id":37513,"properties":{"OBJECTID":37513,"PRIMENAME":"North Suffolk Avenue","ELEVTYP_F":0,"ELEVTYP_T":0},"geometry":{"type":"LineString","coordinates":[[-74.4737182919857,39.3423295518454],[-74.4741435137587,39.3428647530654]]}},{"type":"Feature","id":37564,"properties":{"OBJECTID":37564,"PRIMENAME":"North Huntington Avenue","ELEVTYP_F":0,"ELEVTYP_T":0},"geometry":{"type":"LineString","coordinates":[[-74.5027577467173,39.3306596469867],[-74.5027917522326,39.3306951202416],[-74.503483184285,39.3314164213677],[-74.5039128041138,39.3318674417392]]}},{"type":"Feature","id":39277,"properties":{"OBJECTID":39277,"PRIMENAME":"West End Avenue","ELEVTYP_F":0,"ELEVTYP_T":0},"geometry":{"type":"LineString","coordinates":[[-74.4736750791956,39.354752024306],[-74.4731894591802,39.3549903273727],[-74.4721683264,39.3554913986034],[-74.4713176921543,39.3559026867751],[-74.4682682401947,39.3573888150432]]}},{"type":"Feature","id":41633,"properties":{"OBJECTID":41633,"PRIMENAME":"Bayshore Drive","ELEVTYP_F":0,"ELEVTYP_T":0},"geometry":{"type":"LineString","coordinates":[[-74.5054780704021,39.3408968914627],[-74.5055561775988,39.3408651755488],[-74.5056986375896,39.3408273876729],[-74.5058479931906,39.3407923179287],[-74.5059799882176,39.3407734211768],[-74.5061125503539,39.3407666870186]]}},{"type":"Feature","id":50541,"properties":{"OBJECTID":50541,"PRIMENAME":"Montgomery Avenue","ELEVTYP_F":0,"ELEVTYP_T":0},"geometry":{"type":"LineString","coordinates":[[-74.4643626518607,39.3449843335017],[-74.4635510095601,39.3439890433344]]}},{"type":"Feature","id":50721,"properties":{"OBJECTID":50721,"PRIMENAME":"North Oxford Avenue","ELEVTYP_F":0,"ELEVTYP_T":0},"geometry":{"type":"LineString","coordinates":[[-74.4793199337683,39.3452602411507],[-74.4791473609121,39.3450474745984],[-74.4783495912849,39.3440552600739],[-74.4782844464598,39.3439752936508]]}},{"type":"Feature","id":51236,"properties":{"OBJECTID":51236,"PRIMENAME":"Ventnor Gardens Plaza","ELEVTYP_F":0,"ELEVTYP_T":0},"geometry":{"type":"LineString","coordinates":[[-74.4903948020698,39.3386716877762],[-74.4906653810839,39.3385408234509]]}},{"type":"Feature","id":51294,"properties":{"OBJECTID":51294,"PRIMENAME":"Monmouth Avenue","ELEVTYP_F":0,"ELEVTYP_T":0},"geometry":{"type":"LineString","coordinates":[[-74.4869262060386,39.3394984592864],[-74.4873108350208,39.339319319346],[-74.4874576220584,39.339247370208]]}},{"type":"Feature","id":51404,"properties":{"OBJECTID":51404,"PRIMENAME":"North Belmont Drive","ELEVTYP_F":0,"ELEVTYP_T":0},"geometry":{"type":"LineString","coordinates":[[-74.4964642959408,39.3361574227426],[-74.4975326766987,39.336279660923]]}},{"type":"Feature","id":51439,"properties":{"OBJECTID":51439,"PRIMENAME":"Monmouth Avenue","ELEVTYP_F":0,"ELEVTYP_T":0},"geometry":{"type":"LineString","coordinates":[[-74.4843084528874,39.3407732039661],[-74.484443398765,39.3407088355884],[-74.4851309263953,39.3403736501386],[-74.4853565419534,39.3402607213189]]}},{"type":"Feature","id":52597,"properties":{"OBJECTID":52597,"PRIMENAME":"North Fredericksburg Avenue","ELEVTYP_F":0,"ELEVTYP_T":0},"geometry":{"type":"LineString","coordinates":[[-74.4966598587154,39.3375827403806],[-74.496591374029,39.3375101977106],[-74.4960213347079,39.3369112640282],[-74.4957085111604,39.3365873447693]]}},{"type":"Feature","id":52633,"properties":{"OBJECTID":52633,"PRIMENAME":"North Troy Avenue","ELEVTYP_F":0,"ELEVTYP_T":0},"geometry":{"type":"LineString","coordinates":[[-74.4876200594289,39.339449964207],[-74.4874576220584,39.339247370208]]}},{"type":"Feature","id":52635,"properties":{"OBJECTID":52635,"PRIMENAME":"Monmouth Avenue","ELEVTYP_F":0,"ELEVTYP_T":0},"geometry":{"type":"LineString","coordinates":[[-74.4822059715761,39.3417923187949],[-74.4824436543315,39.3416752789785],[-74.4827334985803,39.341535814388]]}},{"type":"Feature","id":52702,"properties":{"OBJECTID":52702,"PRIMENAME":"South Harvard Avenue","ELEVTYP_F":0,"ELEVTYP_T":0},"geometry":{"type":"LineString","coordinates":[[-74.4795755248311,39.3376129566665],[-74.478804629204,39.3366424123686]]}},{"type":"Feature","id":52957,"properties":{"OBJECTID":52957,"PRIMENAME":"Winchester Avenue","ELEVTYP_F":0,"ELEVTYP_T":0},"geometry":{"type":"LineString","coordinates":[[-74.4921959573589,39.3351645950119],[-74.4920635395085,39.3352286429146],[-74.4916719420531,39.3354186719097]]}},{"type":"Feature","id":53074,"properties":{"OBJECTID":53074,"PRIMENAME":"Carolyn Terrace","ELEVTYP_F":0,"ELEVTYP_T":0},"geometry":{"type":"LineString","coordinates":[[-74.4660515725922,39.3584669384201],[-74.4648446778007,39.3569585727742]]}},{"type":"Feature","id":53620,"properties":{"OBJECTID":53620,"PRIMENAME":"Marshall Avenue","ELEVTYP_F":0,"ELEVTYP_T":0},"geometry":{"type":"LineString","coordinates":[[-74.4870836323203,39.3503979784423],[-74.4864549031723,39.3507022379347]]}},{"type":"Feature","id":53840,"properties":{"OBJECTID":53840,"PRIMENAME":"South Melbourne Avenue","ELEVTYP_F":0,"ELEVTYP_T":0},"geometry":{"type":"LineString","coordinates":[[-74.4889662517194,39.3330569376468],[-74.4889588691346,39.333016657954],[-74.488949083995,39.3329635279218],[-74.4889295745438,39.3329205284183],[-74.4888546367302,39.3328193148236],[-74.4883660901085,39.3322196915475]]}},{"type":"Feature","id":53951,"properties":{"OBJECTID":53951,"PRIMENAME":"South Brunswick Avenue","ELEVTYP_F":0,"ELEVTYP_T":0},"geometry":{"type":"LineString","coordinates":[[-74.4932692610049,39.3301633113329],[-74.4935378869352,39.3304854784726],[-74.4936753296135,39.3306539427951],[-74.49374405062,39.3307381753441]]}},{"type":"Feature","id":54316,"properties":{"OBJECTID":54316,"PRIMENAME":"Burk Avenue","ELEVTYP_F":0,"ELEVTYP_T":0},"geometry":{"type":"LineString","coordinates":[[-74.4881124446395,39.351679880103],[-74.4874830015548,39.3519858475415]]}},{"type":"Feature","id":54796,"properties":{"OBJECTID":54796,"PRIMENAME":"North Cornwall Avenue","ELEVTYP_F":0,"ELEVTYP_T":0},"geometry":{"type":"LineString","coordinates":[[-74.4792329401571,39.3396546968833],[-74.4798544322085,39.3404304888005]]}},{"type":"Feature","id":54972,"properties":{"OBJECTID":54972,"PRIMENAME":"Balfour Avenue","ELEVTYP_F":0,"ELEVTYP_T":0},"geometry":{"type":"LineString","coordinates":[[-74.4930784758985,39.339636602077],[-74.4936950949397,39.3392934535026]]}},{"type":"Feature","id":55017,"properties":{"OBJECTID":55017,"PRIMENAME":"South Buffalo Avenue","ELEVTYP_F":0,"ELEVTYP_T":0},"geometry":{"type":"LineString","coordinates":[[-74.4853527290571,39.3348107847334],[-74.4852183383955,39.3346429515711],[-74.4846937482696,39.3339931746009]]}},{"type":"Feature","id":55325,"properties":{"OBJECTID":55325,"PRIMENAME":"North Belmont Drive","ELEVTYP_F":0,"ELEVTYP_T":0},"geometry":{"type":"LineString","coordinates":[[-74.4985086886237,39.3373180125897],[-74.498404588775,39.3378915193404]]}},{"type":"Feature","id":55564,"properties":{"OBJECTID":55564,"PRIMENAME":"Wellington Avenue","ELEVTYP_F":0,"ELEVTYP_T":0},"geometry":{"type":"LineString","coordinates":[[-74.4821674669546,39.3509684028765],[-74.4819647663861,39.3510674077212],[-74.4815337945436,39.3512757923386]]}},{"type":"Feature","id":55970,"properties":{"OBJECTID":55970,"PRIMENAME":"Monmouth Avenue","ELEVTYP_F":0,"ELEVTYP_T":0},"geometry":{"type":"LineString","coordinates":[[-74.5049564397653,39.3312668102551],[-74.5054834472924,39.3309658588153]]}},{"type":"Feature","id":56133,"properties":{"OBJECTID":56133,"PRIMENAME":"Balfour Avenue","ELEVTYP_F":0,"ELEVTYP_T":0},"geometry":{"type":"LineString","coordinates":[[-74.4790883862629,39.3471556250289],[-74.4784631529477,39.3474561902572]]}},{"type":"Feature","id":56140,"properties":{"OBJECTID":56140,"PRIMENAME":"South Portland Avenue","ELEVTYP_F":0,"ELEVTYP_T":0},"geometry":{"type":"LineString","coordinates":[[-74.4814275049161,39.3371798883239],[-74.4813003310409,39.3370204537435],[-74.4811579580665,39.336843553394]]}},{"type":"Feature","id":56469,"properties":{"OBJECTID":56469,"PRIMENAME":"Atlantic Avenue","ELEVTYP_F":0,"ELEVTYP_T":0},"geometry":{"type":"LineString","coordinates":[[-74.4858507372169,39.334568979662],[-74.4853527290571,39.3348107847334]]}},{"type":"Feature","id":56514,"properties":{"OBJECTID":56514,"PRIMENAME":"North Dorset Avenue","ELEVTYP_F":0,"ELEVTYP_T":0},"geometry":{"type":"LineString","coordinates":[[-74.4847321615982,39.3497277757582],[-74.4851242786575,39.3502174084469],[-74.4852312165496,39.3503507556371]]}},{"type":"Feature","id":56657,"properties":{"OBJECTID":56657,"PRIMENAME":"Winchester Avenue","ELEVTYP_F":0,"ELEVTYP_T":0},"geometry":{"type":"LineString","coordinates":[[-74.4802113328072,39.3408776332775],[-74.4798544322085,39.3404304888005]]}},{"type":"Feature","id":57122,"properties":{"OBJECTID":57122,"PRIMENAME":"Monmouth Avenue","ELEVTYP_F":0,"ELEVTYP_T":0},"geometry":{"type":"LineString","coordinates":[[-74.4827334985803,39.341535814388],[-74.4831605525005,39.3413303619571],[-74.4832603494727,39.3412816685113]]}},{"type":"Feature","id":57754,"properties":{"OBJECTID":57754,"PRIMENAME":"South Harvard Avenue","ELEVTYP_F":0,"ELEVTYP_T":0},"geometry":{"type":"LineString","coordinates":[[-74.4806624769254,39.3389623720272],[-74.4798556395284,39.3379496267428]]}},{"type":"Feature","id":58312,"properties":{"OBJECTID":58312,"PRIMENAME":"North Huntington Avenue","ELEVTYP_F":0,"ELEVTYP_T":0},"geometry":{"type":"LineString","coordinates":[[-74.5011605531916,39.3290183017759],[-74.5012725187028,39.3290963597854],[-74.5022123883654,39.3300906971087],[-74.5027577467173,39.3306596469867]]}},{"type":"Feature","id":60251,"properties":{"OBJECTID":60251,"PRIMENAME":"Atlantic Avenue","ELEVTYP_F":0,"ELEVTYP_T":0},"geometry":{"type":"LineString","coordinates":[[-74.4816750918904,39.3365904290293],[-74.4811579580665,39.336843553394]]}},{"type":"Feature","id":60404,"properties":{"OBJECTID":60404,"PRIMENAME":"West Drive","ELEVTYP_F":0,"ELEVTYP_T":0},"geometry":{"type":"LineString","coordinates":[[-74.4954500321467,39.3341345592929],[-74.4954778199994,39.3341599579177],[-74.4955300051609,39.3341742648543],[-74.4956098023769,39.3341885728117],[-74.4957693979242,39.334219549595],[-74.496028201975,39.3342658236],[-74.4961032974121,39.3342909768555],[-74.4961625881872,39.3343167610132],[-74.4961926046976,39.3343419397414],[-74.4962084069325,39.3343658829844],[-74.4962276383082,39.3344070408859]]}},{"type":"Feature","id":60507,"properties":{"OBJECTID":60507,"PRIMENAME":"Atlantic Avenue","ELEVTYP_F":0,"ELEVTYP_T":0},"geometry":{"type":"LineString","coordinates":[[-74.4696052503246,39.342445598503],[-74.4692081046385,39.3426392300475],[-74.4691375813693,39.3426733674741]]}},{"type":"Feature","id":60646,"properties":{"OBJECTID":60646,"PRIMENAME":"Fulton Avenue","ELEVTYP_F":0,"ELEVTYP_T":0},"geometry":{"type":"LineString","coordinates":[[-74.4862758613382,39.3472287133063],[-74.4869081676083,39.3469219840729]]}},{"type":"Feature","id":60649,"properties":{"OBJECTID":60649,"PRIMENAME":"Winchester Avenue","ELEVTYP_F":0,"ELEVTYP_T":0},"geometry":{"type":"LineString","coordinates":[[-74.4728180385486,39.3439309011361],[-74.4728639134108,39.3438988699496],[-74.4730929222831,39.343779430371],[-74.4734445185331,39.3435848428856]]}},{"type":"Feature","id":60710,"properties":{"OBJECTID":60710,"PRIMENAME":"South Cambridge Avenue","ELEVTYP_F":0,"ELEVTYP_T":0},"geometry":{"type":"LineString","coordinates":[[-74.4793286936369,39.3382070516121],[-74.4790563973186,39.3378646164855]]}},{"type":"Feature","id":60799,"properties":{"OBJECTID":60799,"PRIMENAME":"South Colmar Circle","ELEVTYP_F":0,"ELEVTYP_T":0},"geometry":{"type":"LineString","coordinates":[[-74.5046601579244,39.3337882963381],[-74.5048309703524,39.3328813887089]]}},{"type":"Feature","id":60888,"properties":{"OBJECTID":60888,"PRIMENAME":"Calvert Avenue","ELEVTYP_F":0,"ELEVTYP_T":0},"geometry":{"type":"LineString","coordinates":[[-74.4780601597785,39.345871171801],[-74.4774301937576,39.3461767274588]]}},{"type":"Feature","id":61611,"properties":{"OBJECTID":61611,"PRIMENAME":"South Lafayette Avenue","ELEVTYP_F":0,"ELEVTYP_T":0},"geometry":{"type":"LineString","coordinates":[[-74.4879717253252,39.3335377188118],[-74.4875808834768,39.3330468864573]]}},{"type":"Feature","id":61790,"properties":{"OBJECTID":61790,"PRIMENAME":"Balfour Avenue","ELEVTYP_F":0,"ELEVTYP_T":0},"geometry":{"type":"LineString","coordinates":[[-74.4936950949397,39.3392934535026],[-74.4944499751067,39.3388570057058]]}},{"type":"Feature","id":61860,"properties":{"OBJECTID":61860,"PRIMENAME":"Fremont Avenue","ELEVTYP_F":0,"ELEVTYP_T":0},"geometry":{"type":"LineString","coordinates":[[-74.5007103701053,39.336788569622],[-74.5012075254586,39.3365021636218]]}},{"type":"Feature","id":62041,"properties":{"OBJECTID":62041,"PRIMENAME":"Ocean Avenue","ELEVTYP_F":0,"ELEVTYP_T":0},"geometry":{"type":"LineString","coordinates":[[-74.4814275049161,39.3371798883239],[-74.4803743766936,39.337696178786]]}},{"type":"Feature","id":62047,"properties":{"OBJECTID":62047,"PRIMENAME":"South Austin Avenue","ELEVTYP_F":0,"ELEVTYP_T":0},"geometry":{"type":"LineString","coordinates":[[-74.4667041797372,39.3424645470391],[-74.4675055465826,39.3434637068273]]}},{"type":"Feature","id":62550,"properties":{"OBJECTID":62550,"PRIMENAME":"Monmouth Avenue","ELEVTYP_F":0,"ELEVTYP_T":0},"geometry":{"type":"LineString","coordinates":[[-74.5033867726386,39.3321709389001],[-74.5036487108067,39.3320196707865],[-74.5039128041138,39.3318674417392]]}},{"type":"Feature","id":62790,"properties":{"OBJECTID":62790,"PRIMENAME":"North Wissahickon Avenue","ELEVTYP_F":0,"ELEVTYP_T":0},"geometry":{"type":"LineString","coordinates":[[-74.487999525908,39.3371973082301],[-74.4881254073787,39.3373533852311],[-74.4890300345059,39.3384821973629]]}},{"type":"Feature","id":62844,"properties":{"OBJECTID":62844,"PRIMENAME":"North Huntington Avenue","ELEVTYP_F":0,"ELEVTYP_T":0},"geometry":{"type":"LineString","coordinates":[[-74.5039128041138,39.3318674417392],[-74.5046820754714,39.3326751111045],[-74.5047544773281,39.3327454824571]]}},{"type":"Feature","id":63362,"properties":{"OBJECTID":63362,"PRIMENAME":"North Brunswick Drive","ELEVTYP_F":0,"ELEVTYP_T":0},"geometry":{"type":"LineString","coordinates":[[-74.4991669824643,39.3369396370366],[-74.500016975527,39.3370363972549],[-74.5002284139172,39.3370662157489]]}},{"type":"Feature","id":64193,"properties":{"OBJECTID":64193,"PRIMENAME":"Burk Avenue","ELEVTYP_F":0,"ELEVTYP_T":0},"geometry":{"type":"LineString","coordinates":[[-74.4899900627373,39.3507651145875],[-74.4893695832535,39.3510678528308]]}},{"type":"Feature","id":64403,"properties":{"OBJECTID":64403,"PRIMENAME":"Monmouth Avenue","ELEVTYP_F":0,"ELEVTYP_T":0},"geometry":{"type":"LineString","coordinates":[[-74.4908101527423,39.337617735727],[-74.4914517590629,39.337303019743]]}},{"type":"Feature","id":64591,"properties":{"OBJECTID":64591,"PRIMENAME":"Balfour Avenue","ELEVTYP_F":0,"ELEVTYP_T":0},"geometry":{"type":"LineString","coordinates":[[-74.4959092954565,39.3379855087428],[-74.4959358139082,39.3379855096712],[-74.4959643479804,39.3379744459756],[-74.4960715919775,39.3379170642414],[-74.4962876563564,39.3377942724783],[-74.4966598587154,39.3375827403806]]}},{"type":"Feature","id":64825,"properties":{"OBJECTID":64825,"PRIMENAME":"South Weymouth Avenue","ELEVTYP_F":0,"ELEVTYP_T":0},"geometry":{"type":"LineString","coordinates":[[-74.4710671626455,39.3436142588899],[-74.4710077227388,39.3435231152307],[-74.4704565641944,39.342828456663],[-74.4701684509147,39.3424774861282]]}},{"type":"Feature","id":64897,"properties":{"OBJECTID":64897,"PRIMENAME":"West End Avenue","ELEVTYP_F":0,"ELEVTYP_T":0},"geometry":{"type":"LineString","coordinates":[[-74.4660515725922,39.3584669384201],[-74.465628853676,39.358677242649]]}},{"type":"Feature","id":64947,"properties":{"OBJECTID":64947,"PRIMENAME":"North Baltimore Avenue","ELEVTYP_F":0,"ELEVTYP_T":0},"geometry":{"type":"LineString","coordinates":[[-74.4916719420531,39.3354186719097],[-74.4917568923497,39.3355240019736],[-74.4926917803876,39.3366904592559]]}},{"type":"Feature","id":64986,"properties":{"OBJECTID":64986,"PRIMENAME":"Monmouth Avenue","ELEVTYP_F":0,"ELEVTYP_T":0},"geometry":{"type":"LineString","coordinates":[[-74.4853565419534,39.3402607213189],[-74.4855794686199,39.3401491375409],[-74.4858772575977,39.3400022253543]]}},{"type":"Feature","id":65281,"properties":{"OBJECTID":65281,"PRIMENAME":"North Cambridge Avenue","ELEVTYP_F":0,"ELEVTYP_T":0},"geometry":{"type":"LineString","coordinates":[[-74.4842215125416,39.3446652783012],[-74.4843757161327,39.344857002721],[-74.4852497302475,39.3459417979697]]}},{"type":"Feature","id":65670,"properties":{"OBJECTID":65670,"PRIMENAME":"North Wyoming Avenue","ELEVTYP_F":0,"ELEVTYP_T":0},"geometry":{"type":"LineString","coordinates":[[-74.4897840088488,39.3363344542821],[-74.4898770169003,39.3364497818333],[-74.4908101527423,39.337617735727]]}},{"type":"Feature","id":66541,"properties":{"OBJECTID":66541,"PRIMENAME":"Burk Court","ELEVTYP_F":0,"ELEVTYP_T":0},"geometry":{"type":"LineString","coordinates":[[-74.4856601758387,39.3528688733398],[-74.4852297233224,39.3523295085553]]}},{"type":"Feature","id":66560,"properties":{"OBJECTID":66560,"PRIMENAME":"South Baton Rouge Avenue","ELEVTYP_F":0,"ELEVTYP_T":0},"geometry":{"type":"LineString","coordinates":[[-74.4656368599454,39.3429527149713],[-74.4664531773142,39.3439757254259]]}},{"type":"Feature","id":66561,"properties":{"OBJECTID":66561,"PRIMENAME":"Atlantic Avenue","ELEVTYP_F":0,"ELEVTYP_T":0},"geometry":{"type":"LineString","coordinates":[[-74.4700459312872,39.3422307266419],[-74.4696052503246,39.342445598503]]}},{"type":"Feature","id":66774,"properties":{"OBJECTID":66774,"PRIMENAME":"North Aberdeen Place","ELEVTYP_F":0,"ELEVTYP_T":0},"geometry":{"type":"LineString","coordinates":[[-74.4647686603788,39.3484615859535],[-74.4652324078295,39.3490451269164]]}},{"type":"Feature","id":66873,"properties":{"OBJECTID":66873,"PRIMENAME":"Atlantic Avenue","ELEVTYP_F":0,"ELEVTYP_T":0},"geometry":{"type":"LineString","coordinates":[[-74.4895446393321,39.3327764370303],[-74.4889662517194,39.3330569376468]]}},{"type":"Feature","id":66922,"properties":{"OBJECTID":66922,"PRIMENAME":"South Marion Avenue","ELEVTYP_F":0,"ELEVTYP_T":0},"geometry":{"type":"LineString","coordinates":[[-74.4681358810862,39.3450352073365],[-74.4681455182035,39.3449949301647],[-74.4681522508663,39.344963604467],[-74.4681455478282,39.3449296654403],[-74.468108581228,39.3448826491443],[-74.4679035661381,39.3446267234333],[-74.4672262864835,39.3437964723502]]}},{"type":"Feature","id":67493,"properties":{"OBJECTID":67493,"PRIMENAME":"Calvert Avenue","ELEVTYP_F":0,"ELEVTYP_T":0},"geometry":{"type":"LineString","coordinates":[[-74.492743908478,39.3382912238164],[-74.4930108423083,39.3381399801127],[-74.4937308763939,39.3377276198378],[-74.4944570891262,39.3373065508151]]}},{"type":"Feature","id":67681,"properties":{"OBJECTID":67681,"PRIMENAME":"South Sacramento Avenue","ELEVTYP_F":0,"ELEVTYP_T":0},"geometry":{"type":"LineString","coordinates":[[-74.4803743766936,39.337696178786],[-74.4807285520553,39.3381354546266]]}},{"type":"Feature","id":67727,"properties":{"OBJECTID":67727,"PRIMENAME":"North Portland Avenue","ELEVTYP_F":0,"ELEVTYP_T":0},"geometry":{"type":"LineString","coordinates":[[-74.4832832634274,39.3394946989031],[-74.4831404213445,39.3393165929956],[-74.4823424834715,39.3383266559668],[-74.482239376761,39.338197400628]]}},{"type":"Feature","id":67892,"properties":{"OBJECTID":67892,"PRIMENAME":"Fulton Avenue","ELEVTYP_F":0,"ELEVTYP_T":0},"geometry":{"type":"LineString","coordinates":[[-74.4817830346109,39.3494098137931],[-74.4821481747476,39.3492336248171],[-74.4824117724471,39.3491054965976]]}},{"type":"Feature","id":67994,"properties":{"OBJECTID":67994,"PRIMENAME":"West End Avenue","ELEVTYP_F":0,"ELEVTYP_T":0},"geometry":{"type":"LineString","coordinates":[[-74.4682682401947,39.3573888150432],[-74.4671541489164,39.3579318755031],[-74.4664853240224,39.3582568276976]]}},{"type":"Feature","id":68087,"properties":{"OBJECTID":68087,"PRIMENAME":"South Austin Avenue","ELEVTYP_F":0,"ELEVTYP_T":0},"geometry":{"type":"LineString","coordinates":[[-74.4675055465826,39.3434637068273],[-74.4676216051455,39.3436083816904],[-74.4685903416487,39.3448137815397]]}},{"type":"Feature","id":68244,"properties":{"OBJECTID":68244,"PRIMENAME":"Atlantic Avenue","ELEVTYP_F":0,"ELEVTYP_T":0},"geometry":{"type":"LineString","coordinates":[[-74.4744620961417,39.3400874560594],[-74.4737792249596,39.3404182682618]]}},{"type":"Feature","id":68490,"properties":{"OBJECTID":68490,"PRIMENAME":"Callender Avenue","ELEVTYP_F":0,"ELEVTYP_T":0},"geometry":{"type":"LineString","coordinates":[[-74.4678298830855,39.3456841464816],[-74.4683541324933,39.3454292712313]]}},{"type":"Feature","id":68747,"properties":{"OBJECTID":68747,"PRIMENAME":"North Douglass Avenue","ELEVTYP_F":0,"ELEVTYP_T":0},"geometry":{"type":"LineString","coordinates":[[-74.4969269887397,39.3310741281721],[-74.4975132111543,39.3318058951188],[-74.4979055658252,39.3322847782897],[-74.4979893899949,39.3323754971425]]}},{"type":"Feature","id":68970,"properties":{"OBJECTID":68970,"PRIMENAME":"Monmouth Avenue","ELEVTYP_F":0,"ELEVTYP_T":0},"geometry":{"type":"LineString","coordinates":[[-74.5054834472924,39.3309658588153],[-74.506102685742,39.3306122115459]]}},{"type":"Feature","id":69035,"properties":{"OBJECTID":69035,"PRIMENAME":"Amherst Avenue","ELEVTYP_F":0,"ELEVTYP_T":0},"geometry":{"type":"LineString","coordinates":[[-74.4966598587154,39.3375827403806],[-74.496683549502,39.3375691504887],[-74.4970261811041,39.3373681243521],[-74.4974057478596,39.3371454271633]]}},{"type":"Feature","id":69384,"properties":{"OBJECTID":69384,"PRIMENAME":"Bayshore Drive","ELEVTYP_F":0,"ELEVTYP_T":0},"geometry":{"type":"LineString","coordinates":[[-74.5061125503539,39.3407666870186],[-74.5061918962073,39.3407626192568],[-74.5063621175937,39.3407761195616],[-74.5065323395439,39.3407949722465],[-74.506671303895,39.3408219545118],[-74.5068067690132,39.3408435283363],[-74.506952346431,39.3408743536465]]}},{"type":"Feature","id":69594,"properties":{"OBJECTID":69594,"PRIMENAME":"Monmouth Avenue","ELEVTYP_F":0,"ELEVTYP_T":0},"geometry":{"type":"LineString","coordinates":[[-74.4930798002037,39.3362517778414],[-74.4930956769786,39.3362308564916],[-74.4931555424137,39.3361741340034],[-74.4932130722933,39.336133199004],[-74.4932936915461,39.3360851272622]]}},{"type":"Feature","id":70156,"properties":{"OBJECTID":70156,"PRIMENAME":"Fredericksburg Avenue","ELEVTYP_F":0,"ELEVTYP_T":0},"geometry":{"type":"LineString","coordinates":[[-74.5013819912862,39.3425549100317],[-74.501383723372,39.3425568044196],[-74.5019792092253,39.3431710327444]]}},{"type":"Feature","id":70182,"properties":{"OBJECTID":70182,"PRIMENAME":"South Swarthmore Avenue","ELEVTYP_F":0,"ELEVTYP_T":0},"geometry":{"type":"LineString","coordinates":[[-74.4911580504102,39.3338711658723],[-74.4910697107706,39.3337606175681],[-74.4908319453238,39.3334671400708],[-74.4900713651921,39.3325210519333]]}},{"type":"Feature","id":70793,"properties":{"OBJECTID":70793,"PRIMENAME":"Atlantic Avenue","ELEVTYP_F":0,"ELEVTYP_T":0},"geometry":{"type":"LineString","coordinates":[[-74.4926940436839,39.3312485650842],[-74.492171686728,39.3315032480538],[-74.4921669133552,39.3315055817422]]}},{"type":"Feature","id":70992,"properties":{"OBJECTID":70992,"PRIMENAME":"Ventnor Gardens Plaza","ELEVTYP_F":0,"ELEVTYP_T":0},"geometry":{"type":"LineString","coordinates":[[-74.489528035909,39.3390909063604],[-74.4897920413497,39.3389632278574]]}},{"type":"Feature","id":71264,"properties":{"OBJECTID":71264,"PRIMENAME":"Burk Avenue","ELEVTYP_F":0,"ELEVTYP_T":0},"geometry":{"type":"LineString","coordinates":[[-74.5013819912862,39.3425549100317],[-74.5016821964652,39.3423812969951],[-74.5029409897758,39.3416574556006],[-74.5030561891965,39.341589853853]]}},{"type":"Feature","id":71279,"properties":{"OBJECTID":71279,"PRIMENAME":"Cambridge Avenue","ELEVTYP_F":0,"ELEVTYP_T":0},"geometry":{"type":"LineString","coordinates":[[-74.4893695832535,39.3510678528308],[-74.4897977274382,39.3515932864918],[-74.4898386294252,39.35163844142],[-74.4898860770951,39.3516795549634],[-74.4899394103417,39.3517160622484],[-74.4899573211255,39.3517256763491],[-74.4899978959486,39.3517474569483],[-74.4900607217858,39.3517733038943],[-74.490127022335,39.3517932489874],[-74.4901958775306,39.3518070137936],[-74.4902663417653,39.3518144090591],[-74.4903374334497,39.3518153329078],[-74.4904081756221,39.351809771746],[-74.4904775855075,39.3517978029636],[-74.4905447058464,39.3517795913336],[-74.4906086118578,39.3517553899133]]}},{"type":"Feature","id":71927,"properties":{"OBJECTID":71927,"PRIMENAME":"Monmouth Avenue","ELEVTYP_F":0,"ELEVTYP_T":0},"geometry":{"type":"LineString","coordinates":[[-74.4795935527065,39.3433475652759],[-74.4802560890369,39.3430298675418]]}},{"type":"Feature","id":72041,"properties":{"OBJECTID":72041,"PRIMENAME":"East Gilmar Circle","ELEVTYP_F":0,"ELEVTYP_T":0},"geometry":{"type":"LineString","coordinates":[[-74.5067934952114,39.3370564626573],[-74.5064635391383,39.3366721404458],[-74.5062102871232,39.3364129614077],[-74.5059925082397,39.3362283394113],[-74.5058764550975,39.3361299539848]]}},{"type":"Feature","id":72174,"properties":{"OBJECTID":72174,"PRIMENAME":"Bayshore Drive","ELEVTYP_F":0,"ELEVTYP_T":0},"geometry":{"type":"LineString","coordinates":[[-74.5049934217308,39.3412255990959],[-74.5050177829458,39.34119970599],[-74.5051463058552,39.3410728776649],[-74.5052817621116,39.3409919560962],[-74.5054033585985,39.3409272073035],[-74.5054780704021,39.3408968914627]]}},{"type":"Feature","id":73159,"properties":{"OBJECTID":73159,"PRIMENAME":"North Marion Avenue","ELEVTYP_F":0,"ELEVTYP_T":0},"geometry":{"type":"LineString","coordinates":[[-74.4683541324933,39.3454292712313],[-74.4681622620456,39.3451881481121],[-74.4681620568341,39.3451878480856]]}},{"type":"Feature","id":73179,"properties":{"OBJECTID":73179,"PRIMENAME":"Sunset Avenue","ELEVTYP_F":0,"ELEVTYP_T":0},"geometry":{"type":"LineString","coordinates":[[-74.4649645721013,39.3493845497981],[-74.4643493773168,39.3497457495785]]}},{"type":"Feature","id":73185,"properties":{"OBJECTID":73185,"PRIMENAME":"North Kingston Avenue","ELEVTYP_F":0,"ELEVTYP_T":0},"geometry":{"type":"LineString","coordinates":[[-74.4649645721013,39.3493845497981],[-74.464387449703,39.3486588566527]]}},{"type":"Feature","id":73782,"properties":{"OBJECTID":73782,"PRIMENAME":"Fremont Avenue","ELEVTYP_F":0,"ELEVTYP_T":0},"geometry":{"type":"LineString","coordinates":[[-74.498359106046,39.3381421006017],[-74.4994161765121,39.3375340518863],[-74.5002284139172,39.3370662157489]]}},{"type":"Feature","id":73854,"properties":{"OBJECTID":73854,"PRIMENAME":"Monmouth Avenue","ELEVTYP_F":0,"ELEVTYP_T":0},"geometry":{"type":"LineString","coordinates":[[-74.4968763931868,39.3359203170027],[-74.4973918377598,39.3356212154657]]}},{"type":"Feature","id":73999,"properties":{"OBJECTID":73999,"PRIMENAME":"Burk Court","ELEVTYP_F":0,"ELEVTYP_T":0},"geometry":{"type":"LineString","coordinates":[[-74.482977991623,39.3519753003682],[-74.4832112293193,39.3522689445591],[-74.4832120227068,39.3522699454744]]}},{"type":"Feature","id":74816,"properties":{"OBJECTID":74816,"PRIMENAME":"Winchester Avenue","ELEVTYP_F":0,"ELEVTYP_T":0},"geometry":{"type":"LineString","coordinates":[[-74.4750645647387,39.3424181213323],[-74.4759819629317,39.3419700267092]]}},{"type":"Feature","id":75010,"properties":{"OBJECTID":75010,"PRIMENAME":"Winchester Avenue","ELEVTYP_F":0,"ELEVTYP_T":0},"geometry":{"type":"LineString","coordinates":[[-74.4787499921888,39.3406440435803],[-74.4786206951642,39.3407055607278],[-74.4778125810147,39.3410900421062]]}},{"type":"Feature","id":75337,"properties":{"OBJECTID":75337,"PRIMENAME":"Winchester Avenue","ELEVTYP_F":0,"ELEVTYP_T":0},"geometry":{"type":"LineString","coordinates":[[-74.4685677915476,39.3466041787702],[-74.4690931377098,39.3463579492226]]}},{"type":"Feature","id":75865,"properties":{"OBJECTID":75865,"PRIMENAME":"North Cambridge Avenue","ELEVTYP_F":0,"ELEVTYP_T":0},"geometry":{"type":"LineString","coordinates":[[-74.4831890913864,39.3433815277527],[-74.4842215125416,39.3446652783012]]}},{"type":"Feature","id":76253,"properties":{"OBJECTID":76253,"PRIMENAME":"North Somerset Avenue","ELEVTYP_F":0,"ELEVTYP_T":0},"geometry":{"type":"LineString","coordinates":[[-74.4786915695655,39.3455649256617],[-74.479113529418,39.3460851984975],[-74.4796193759581,39.3467192660112],[-74.4797228456429,39.3468475894031]]}},{"type":"Feature","id":76569,"properties":{"OBJECTID":76569,"PRIMENAME":"Burk Avenue","ELEVTYP_F":0,"ELEVTYP_T":0},"geometry":{"type":"LineString","coordinates":[[-74.5055666222592,39.3401540707634],[-74.5068908508691,39.3393798818328]]}},{"type":"Feature","id":77255,"properties":{"OBJECTID":77255,"PRIMENAME":"Atlantic Avenue","ELEVTYP_F":0,"ELEVTYP_T":0},"geometry":{"type":"LineString","coordinates":[[-74.4811579580665,39.336843553394],[-74.4808010132419,39.3370182303326],[-74.4806325822846,39.3370999692539]]}},{"type":"Feature","id":77517,"properties":{"OBJECTID":77517,"PRIMENAME":"Weymouth Avenue","ELEVTYP_F":0,"ELEVTYP_T":0},"geometry":{"type":"LineString","coordinates":[[-74.4701684509147,39.3424774861282],[-74.4700599904505,39.3423453622462],[-74.4700398514514,39.3423061483022],[-74.4700398648129,39.3422748477755],[-74.4700459312872,39.3422307266419]]}},{"type":"Feature","id":78266,"properties":{"OBJECTID":78266,"PRIMENAME":"North New Haven Avenue","ELEVTYP_F":0,"ELEVTYP_T":0},"geometry":{"type":"LineString","coordinates":[[-74.4853805035448,39.3384492327818],[-74.4853438183075,39.3383713330614],[-74.48529086844,39.3382922782337],[-74.484997757259,39.3379222597682],[-74.4844522272887,39.3372454315563],[-74.4843597845821,39.3371687329412]]}},{"type":"Feature","id":78463,"properties":{"OBJECTID":78463,"PRIMENAME":"North Austin Avenue","ELEVTYP_F":0,"ELEVTYP_T":0},"geometry":{"type":"LineString","coordinates":[[-74.4685903416487,39.3448137815397],[-74.4687507931797,39.3450133807155],[-74.4688800746186,39.345173543694]]}},{"type":"Feature","id":78620,"properties":{"OBJECTID":78620,"PRIMENAME":"Essex Court","ELEVTYP_F":0,"ELEVTYP_T":0},"geometry":{"type":"LineString","coordinates":[[-74.5042001025567,39.3378487143906],[-74.5045831632017,39.3382700804936],[-74.5046499235589,39.3383392143483],[-74.5047166831142,39.3383772115598],[-74.5047611993367,39.3383875889148],[-74.5048056800601,39.3383875870858],[-74.5048635606511,39.33837374639],[-74.5049525529776,39.3383184444228],[-74.5052480667847,39.3381306731908],[-74.5053441609787,39.3380696135046]]}},{"type":"Feature","id":79573,"properties":{"OBJECTID":79573,"PRIMENAME":"North Annapolis Avenue","ELEVTYP_F":0,"ELEVTYP_T":0},"geometry":{"type":"LineString","coordinates":[[-74.4661127767465,39.3577749360098],[-74.4664853240224,39.3582568276976]]}},{"type":"Feature","id":81376,"properties":{"OBJECTID":81376,"PRIMENAME":"North Douglass Avenue","ELEVTYP_F":0,"ELEVTYP_T":0},"geometry":{"type":"LineString","coordinates":[[-74.4995041364963,39.3339651283414],[-74.4997227970534,39.3341956689204],[-74.5004798622997,39.3349938540131],[-74.5006606771941,39.3351836626543],[-74.5007196884588,39.3352035684815],[-74.5007755874057,39.3352150174617]]}},{"type":"Feature","id":82153,"properties":{"OBJECTID":82153,"PRIMENAME":"Atlantic Avenue","ELEVTYP_F":0,"ELEVTYP_T":0},"geometry":{"type":"LineString","coordinates":[[-74.4717128858554,39.3414225671338],[-74.4711216595116,39.3417089344043]]}},{"type":"Feature","id":83914,"properties":{"OBJECTID":83914,"PRIMENAME":"North Brunswick Avenue","ELEVTYP_F":0,"ELEVTYP_T":0},"geometry":{"type":"LineString","coordinates":[[-74.4948295418038,39.3320961627051],[-74.4955693584847,39.3330151748],[-74.4958946067266,39.3334068867182],[-74.4959206610368,39.3334397259017],[-74.4959386565746,39.3334617739494],[-74.4959446405894,39.3334657881844],[-74.4959594446202,39.3334757228739],[-74.4959906976499,39.3334933510791],[-74.4960455335369,39.3335175974574],[-74.4960853074952,39.3335389057506],[-74.4961155361724,39.3335594993667],[-74.4961430063934,39.3335815206736],[-74.4961742229159,39.3336109278696],[-74.4964555342084,39.3339084314267],[-74.4966854079282,39.3341507174589]]}},{"type":"Feature","id":84465,"properties":{"OBJECTID":84465,"PRIMENAME":"Atlantic Avenue","ELEVTYP_F":0,"ELEVTYP_T":0},"geometry":{"type":"LineString","coordinates":[[-74.4821998216741,39.3363400491966],[-74.4819717759126,39.336450582641],[-74.4816750918904,39.3365904290293]]}},{"type":"Feature","id":84594,"properties":{"OBJECTID":84594,"PRIMENAME":"Atlantic Avenue","ELEVTYP_F":0,"ELEVTYP_T":0},"geometry":{"type":"LineString","coordinates":[[-74.4837610164886,39.3355831275199],[-74.4836203868189,39.3356513930853],[-74.4832446418155,39.335833543552]]}},{"type":"Feature","id":84651,"properties":{"OBJECTID":84651,"PRIMENAME":"North Bryant Avenue","ELEVTYP_F":0,"ELEVTYP_T":0},"geometry":{"type":"LineString","coordinates":[[-74.4848550888855,39.3387349359408],[-74.4849934804217,39.3389088927463],[-74.4857222480521,39.3398070975923],[-74.4858772575977,39.3400022253543]]}},{"type":"Feature","id":85373,"properties":{"OBJECTID":85373,"PRIMENAME":"Filbert Avenue","ELEVTYP_F":0,"ELEVTYP_T":0},"geometry":{"type":"LineString","coordinates":[[-74.4658071693983,39.3543490677492],[-74.4649329859909,39.3547749910293]]}},{"type":"Feature","id":85520,"properties":{"OBJECTID":85520,"PRIMENAME":"Fremont Avenue","ELEVTYP_F":0,"ELEVTYP_T":0},"geometry":{"type":"LineString","coordinates":[[-74.5002284139172,39.3370662157489],[-74.5007103701053,39.336788569622]]}},{"type":"Feature","id":85593,"properties":{"OBJECTID":85593,"PRIMENAME":"Berkshire Drive","ELEVTYP_F":0,"ELEVTYP_T":0},"geometry":{"type":"LineString","coordinates":[[-74.4939780338042,39.3421955726529],[-74.4937962281526,39.3420061934038],[-74.4936749896966,39.3418847177171],[-74.4936280714738,39.3418361172234],[-74.4935889671936,39.3417936120386],[-74.4935772303602,39.3417693389976],[-74.4935772331434,39.3417389167562],[-74.493596789662,39.3417055310173],[-74.4936515301711,39.3416660504992],[-74.4938627456605,39.3415476410018],[-74.4941834377576,39.3413684741256],[-74.4942695081229,39.3413168591276],[-74.4943242472134,39.3412864945141],[-74.4943594662557,39.3412743604777],[-74.494394649273,39.3412773826013],[-74.4944298301683,39.3412925683872],[-74.4944728604299,39.341335100504],[-74.4947130400893,39.3415831567116],[-74.4948393358061,39.3417008967788]]}},{"type":"Feature","id":85614,"properties":{"OBJECTID":85614,"PRIMENAME":"North Suffolk Avenue","ELEVTYP_F":0,"ELEVTYP_T":0},"geometry":{"type":"LineString","coordinates":[[-74.4780601597785,39.345871171801],[-74.4779042043132,39.3456756769254],[-74.4770329589449,39.3445915683916]]}},{"type":"Feature","id":85766,"properties":{"OBJECTID":85766,"PRIMENAME":"Marshall Avenue","ELEVTYP_F":0,"ELEVTYP_T":0},"geometry":{"type":"LineString","coordinates":[[-74.4864549031723,39.3507022379347],[-74.4857785626271,39.3510332585122]]}},{"type":"Feature","id":86231,"properties":{"OBJECTID":86231,"PRIMENAME":"Ocean Avenue","ELEVTYP_F":0,"ELEVTYP_T":0},"geometry":{"type":"LineString","coordinates":[[-74.4798556395284,39.3379496267428],[-74.4793286936369,39.3382070516121]]}},{"type":"Feature","id":86246,"properties":{"OBJECTID":86246,"PRIMENAME":"Winchester Avenue","ELEVTYP_F":0,"ELEVTYP_T":0},"geometry":{"type":"LineString","coordinates":[[-74.498622588383,39.3330404836063],[-74.4985004690952,39.3331102780618],[-74.4981388819091,39.3333174618442]]}},{"type":"Feature","id":86249,"properties":{"OBJECTID":86249,"PRIMENAME":"South Newport Avenue","ELEVTYP_F":0,"ELEVTYP_T":0},"geometry":{"type":"LineString","coordinates":[[-74.4813169375518,39.3352521065209],[-74.4820213599648,39.336122481641],[-74.4821998216741,39.3363400491966]]}},{"type":"Feature","id":86666,"properties":{"OBJECTID":86666,"PRIMENAME":"Winchester Avenue","ELEVTYP_F":0,"ELEVTYP_T":0},"geometry":{"type":"LineString","coordinates":[[-74.4966854079282,39.3341507174589],[-74.4965459590166,39.3342282248256],[-74.4963529717996,39.3343366354771],[-74.4962276383082,39.3344070408859]]}},{"type":"Feature","id":87025,"properties":{"OBJECTID":87025,"PRIMENAME":"Winchester Avenue","ELEVTYP_F":0,"ELEVTYP_T":0},"geometry":{"type":"LineString","coordinates":[[-74.4996866508054,39.3324249083836],[-74.4995444166153,39.3325068666769],[-74.4991010584711,39.332765865239]]}},{"type":"Feature","id":87401,"properties":{"OBJECTID":87401,"PRIMENAME":"Winchester Avenue","ELEVTYP_F":0,"ELEVTYP_T":0},"geometry":{"type":"LineString","coordinates":[[-74.4715694375993,39.3451663252004],[-74.4717244552487,39.3450916243885]]}},{"type":"Feature","id":87855,"properties":{"OBJECTID":87855,"PRIMENAME":"Winchester Avenue","ELEVTYP_F":0,"ELEVTYP_T":0},"geometry":{"type":"LineString","coordinates":[[-74.487999525908,39.3371973082301],[-74.487799632416,39.3372932763125],[-74.4874726512287,39.3374561978002]]}},{"type":"Feature","id":87955,"properties":{"OBJECTID":87955,"PRIMENAME":"Winchester Avenue","ELEVTYP_F":0,"ELEVTYP_T":0},"geometry":{"type":"LineString","coordinates":[[-74.4932496676249,39.3346547598221],[-74.4927249187271,39.3349086486663]]}},{"type":"Feature","id":88903,"properties":{"OBJECTID":88903,"PRIMENAME":"Monmouth Avenue","ELEVTYP_F":0,"ELEVTYP_T":0},"geometry":{"type":"LineString","coordinates":[[-74.4985380223122,39.3345234274665],[-74.4990207460896,39.334244471234]]}},{"type":"Feature","id":88911,"properties":{"OBJECTID":88911,"PRIMENAME":"North Harvard Avenue","ELEVTYP_F":0,"ELEVTYP_T":0},"geometry":{"type":"LineString","coordinates":[[-74.4827334985803,39.341535814388],[-74.4833321745555,39.3422817933333]]}},{"type":"Feature","id":88998,"properties":{"OBJECTID":88998,"PRIMENAME":"North Little Rock Avenue","ELEVTYP_F":0,"ELEVTYP_T":0},"geometry":{"type":"LineString","coordinates":[[-74.4804571473205,39.351798969749],[-74.4806002555228,39.3519756508269],[-74.4815617996943,39.3531742125562]]}},{"type":"Feature","id":89565,"properties":{"OBJECTID":89565,"PRIMENAME":"Marshall Avenue","ELEVTYP_F":0,"ELEVTYP_T":0},"geometry":{"type":"LineString","coordinates":[[-74.4825836962666,39.352578833097],[-74.4820647430166,39.3528652382657]]}},{"type":"Feature","id":89588,"properties":{"OBJECTID":89588,"PRIMENAME":"North Douglass Avenue","ELEVTYP_F":0,"ELEVTYP_T":0},"geometry":{"type":"LineString","coordinates":[[-74.5036592839335,39.3381625651482],[-74.5037529523287,39.3382453712102],[-74.5045551062558,39.3390892287205],[-74.5046191805903,39.3391570997484]]}},{"type":"Feature","id":89739,"properties":{"OBJECTID":89739,"PRIMENAME":"North Gladstone Avenue","ELEVTYP_F":0,"ELEVTYP_T":0},"geometry":{"type":"LineString","coordinates":[[-74.5048022255799,39.3359661408148],[-74.5051130374854,39.3362908591006],[-74.506229543883,39.3374646400912],[-74.506522993017,39.3377658955788]]}},{"type":"Feature","id":89770,"properties":{"OBJECTID":89770,"PRIMENAME":"North Somerset Avenue","ELEVTYP_F":0,"ELEVTYP_T":0},"geometry":{"type":"LineString","coordinates":[[-74.482798940954,39.3506609816976],[-74.4830527465211,39.3509714997003],[-74.4833340380822,39.3513277579519]]}},{"type":"Feature","id":89909,"properties":{"OBJECTID":89909,"PRIMENAME":"Calvert Avenue","ELEVTYP_F":0,"ELEVTYP_T":0},"geometry":{"type":"LineString","coordinates":[[-74.4786915695655,39.3455649256617],[-74.4780601597785,39.345871171801]]}},{"type":"Feature","id":90164,"properties":{"OBJECTID":90164,"PRIMENAME":"Winchester Avenue","ELEVTYP_F":0,"ELEVTYP_T":0},"geometry":{"type":"LineString","coordinates":[[-74.4724320916464,39.3441523588219],[-74.4727024468706,39.3440125029847],[-74.472788787095,39.34395132202],[-74.4728180385486,39.3439309011361]]}},{"type":"Feature","id":90218,"properties":{"OBJECTID":90218,"PRIMENAME":"North Harvard Avenue","ELEVTYP_F":0,"ELEVTYP_T":0},"geometry":{"type":"LineString","coordinates":[[-74.4879240215428,39.3481793134677],[-74.487784650725,39.3480056620922],[-74.4871468455928,39.3472192307968],[-74.4869081676083,39.3469219840729]]}},{"type":"Feature","id":90603,"properties":{"OBJECTID":90603,"PRIMENAME":"North Harvard Avenue","ELEVTYP_F":0,"ELEVTYP_T":0},"geometry":{"type":"LineString","coordinates":[[-74.4899900627373,39.3507651145875],[-74.4897870733114,39.3505052183375],[-74.488966322489,39.3494785617974]]}},{"type":"Feature","id":90611,"properties":{"OBJECTID":90611,"PRIMENAME":"Winchester Avenue","ELEVTYP_F":0,"ELEVTYP_T":0},"geometry":{"type":"LineString","coordinates":[[-74.4927249187271,39.3349086486663],[-74.4921959573589,39.3351645950119]]}},{"type":"Feature","id":90664,"properties":{"OBJECTID":90664,"PRIMENAME":"Atlantic Avenue","ELEVTYP_F":0,"ELEVTYP_T":0},"geometry":{"type":"LineString","coordinates":[[-74.4832446418155,39.335833543552],[-74.4821998216741,39.3363400491966]]}},{"type":"Feature","id":90827,"properties":{"OBJECTID":90827,"PRIMENAME":"Calvert Avenue","ELEVTYP_F":0,"ELEVTYP_T":0},"geometry":{"type":"LineString","coordinates":[[-74.4793199337683,39.3452602411507],[-74.4789585908024,39.3454354059461],[-74.4786915695655,39.3455649256617]]}},{"type":"Feature","id":90863,"properties":{"OBJECTID":90863,"PRIMENAME":"North Weymouth Avenue","ELEVTYP_F":0,"ELEVTYP_T":0},"geometry":{"type":"LineString","coordinates":[[-74.4716137089366,39.3442920546497],[-74.4714247140701,39.3440576765375],[-74.4710671626455,39.3436142588899]]}},{"type":"Feature","id":90989,"properties":{"OBJECTID":90989,"PRIMENAME":"North Swarthmore Avenue","ELEVTYP_F":0,"ELEVTYP_T":0},"geometry":{"type":"LineString","coordinates":[[-74.4921959573589,39.3351645950119],[-74.4921185375954,39.3350686279276],[-74.4918156106563,39.3346942054665],[-74.4911580504102,39.3338711658723]]}},{"type":"Feature","id":91082,"properties":{"OBJECTID":91082,"PRIMENAME":"North Somerset Avenue","ELEVTYP_F":0,"ELEVTYP_T":0},"geometry":{"type":"LineString","coordinates":[[-74.4797228456429,39.3468475894031],[-74.4805411702731,39.3478620385184],[-74.4807541596287,39.3481252469312]]}},{"type":"Feature","id":91445,"properties":{"OBJECTID":91445,"PRIMENAME":"Monmouth Avenue","ELEVTYP_F":0,"ELEVTYP_T":0},"geometry":{"type":"LineString","coordinates":[[-74.4895572641244,39.3382289020769],[-74.489658359599,39.3381803122338],[-74.4901827209065,39.3379244870656]]}},{"type":"Feature","id":92010,"properties":{"OBJECTID":92010,"PRIMENAME":"South Derby Avenue","ELEVTYP_F":0,"ELEVTYP_T":0},"geometry":{"type":"LineString","coordinates":[[-74.4772204665449,39.3387506330367],[-74.4770483766712,39.3385376173083],[-74.4764314749333,39.3377588077781]]}},{"type":"Feature","id":92233,"properties":{"OBJECTID":92233,"PRIMENAME":"Fulton Avenue","ELEVTYP_F":0,"ELEVTYP_T":0},"geometry":{"type":"LineString","coordinates":[[-74.4785648403776,39.349188382209],[-74.4788567925189,39.3490473559284]]}},{"type":"Feature","id":92745,"properties":{"OBJECTID":92745,"PRIMENAME":"Suffolk Court","ELEVTYP_F":0,"ELEVTYP_T":0},"geometry":{"type":"LineString","coordinates":[[-74.483948486924,39.351005353933],[-74.4839112816957,39.3510533881523],[-74.4833480462948,39.3513211002604],[-74.4833340380822,39.3513277579519]]}},{"type":"Feature","id":92833,"properties":{"OBJECTID":92833,"PRIMENAME":"East Drive","ELEVTYP_F":0,"ELEVTYP_T":0},"geometry":{"type":"LineString","coordinates":[[-74.4852074327426,39.3533447366453],[-74.4852173849708,39.3532987317028],[-74.4852206673193,39.3532883876838],[-74.4852259075009,39.3532785417962],[-74.4852329873826,39.353269416001],[-74.4852417473582,39.3532612160259],[-74.4854308539795,39.3531090613795],[-74.4854613633269,39.3530876426921],[-74.4854953358137,39.3530696382413],[-74.4856649808783,39.3529923138393],[-74.4857000407024,39.3529783616122],[-74.4857369228802,39.352967607939],[-74.4857751451769,39.3529601934241],[-74.4858142078368,39.352956215012],[-74.4859686562624,39.3529474165951],[-74.4859986712581,39.3529474845842],[-74.4860283255308,39.3529510871273],[-74.4860569325572,39.3529581408222],[-74.4860838300581,39.3529684823696],[-74.4861954463079,39.3530199517744],[-74.4862177245233,39.3530284568827],[-74.4862414483468,39.3530341361002],[-74.4862660273679,39.3530368480891],[-74.4862908498922,39.3530365253566],[-74.4864662679476,39.3530234498958]]}},{"type":"Feature","id":93013,"properties":{"OBJECTID":93013,"PRIMENAME":"North Princeton Avenue","ELEVTYP_F":0,"ELEVTYP_T":0},"geometry":{"type":"LineString","coordinates":[[-74.4837836956721,39.34102636671],[-74.484373824384,39.3417597088799]]}},{"type":"Feature","id":93683,"properties":{"OBJECTID":93683,"PRIMENAME":"North Buffalo Avenue","ELEVTYP_F":0,"ELEVTYP_T":0},"geometry":{"type":"LineString","coordinates":[[-74.488500290537,39.3387366988924],[-74.4883003103053,39.3384886887406],[-74.4875226705905,39.3375209464191],[-74.4874726512287,39.3374561978002]]}},{"type":"Feature","id":93764,"properties":{"OBJECTID":93764,"PRIMENAME":"North Haverford Avenue","ELEVTYP_F":0,"ELEVTYP_T":0},"geometry":{"type":"LineString","coordinates":[[-74.502233769917,39.3309593222016],[-74.503221904546,39.3319973332938],[-74.5033867726386,39.3321709389001]]}},{"type":"Feature","id":93814,"properties":{"OBJECTID":93814,"PRIMENAME":"Fulton Avenue","ELEVTYP_F":0,"ELEVTYP_T":0},"geometry":{"type":"LineString","coordinates":[[-74.5066687968946,39.3349019853313],[-74.5064096470216,39.3350454625699],[-74.5050554415879,39.3358201415545],[-74.5048022255799,39.3359661408148]]}},{"type":"Feature","id":94008,"properties":{"OBJECTID":94008,"PRIMENAME":"Wellington Avenue","ELEVTYP_F":0,"ELEVTYP_T":0},"geometry":{"type":"LineString","coordinates":[[-74.5049747281313,39.3373991879686],[-74.5047123494032,39.3375514471362]]}},{"type":"Feature","id":94040,"properties":{"OBJECTID":94040,"PRIMENAME":"South Oxford Avenue","ELEVTYP_F":0,"ELEVTYP_T":0},"geometry":{"type":"LineString","coordinates":[[-74.4736966591518,39.3391201576054],[-74.4744620961417,39.3400874560594]]}},{"type":"Feature","id":94135,"properties":{"OBJECTID":94135,"PRIMENAME":"North Delavan Avenue","ELEVTYP_F":0,"ELEVTYP_T":0},"geometry":{"type":"LineString","coordinates":[[-74.4974972362753,39.3326597754987],[-74.4974416242489,39.3326119716967],[-74.4972803407664,39.3324220494301],[-74.4970776947067,39.3321742188748],[-74.4965775222522,39.3315312753188],[-74.4964120014572,39.3313240803791]]}},{"type":"Feature","id":94387,"properties":{"OBJECTID":94387,"PRIMENAME":"Amherst Avenue","ELEVTYP_F":0,"ELEVTYP_T":0},"geometry":{"type":"LineString","coordinates":[[-74.5002483503268,39.3355188299707],[-74.5007755874057,39.3352150174617]]}},{"type":"Feature","id":94479,"properties":{"OBJECTID":94479,"PRIMENAME":"Fulton Avenue","ELEVTYP_F":0,"ELEVTYP_T":0},"geometry":{"type":"LineString","coordinates":[[-74.4935379349571,39.3438039693503],[-74.4934206530856,39.3436855420045],[-74.4928105300774,39.3430568821711],[-74.4927318972848,39.3429763734903],[-74.4927206194875,39.3429566314827],[-74.4927245107233,39.3429323602374],[-74.4927479925675,39.3429111097369],[-74.4928144755099,39.34286556338]]}},{"type":"Feature","id":94602,"properties":{"OBJECTID":94602,"PRIMENAME":"Winchester Avenue","ELEVTYP_F":0,"ELEVTYP_T":0},"geometry":{"type":"LineString","coordinates":[[-74.5010871644375,39.3316178094263],[-74.5008553095785,39.3317516633357],[-74.5003879898074,39.332020935387]]}},{"type":"Feature","id":94633,"properties":{"OBJECTID":94633,"PRIMENAME":"Franklin Avenue","ELEVTYP_F":0,"ELEVTYP_T":0},"geometry":{"type":"LineString","coordinates":[[-74.4987768452282,39.3306298032121],[-74.4985062913812,39.3303034440448]]}},{"type":"Feature","id":94801,"properties":{"OBJECTID":94801,"PRIMENAME":"North Drive","ELEVTYP_F":0,"ELEVTYP_T":0},"geometry":{"type":"LineString","coordinates":[[-74.4667133883338,39.3574913163259],[-74.4661127767465,39.3577749360098]]}},{"type":"Feature","id":95167,"properties":{"OBJECTID":95167,"PRIMENAME":"Winchester Avenue","ELEVTYP_F":0,"ELEVTYP_T":0},"geometry":{"type":"LineString","coordinates":[[-74.4701450954134,39.3458539799376],[-74.4704869737389,39.3456879258773],[-74.4706746066415,39.3455975308811]]}},{"type":"Feature","id":95340,"properties":{"OBJECTID":95340,"PRIMENAME":"North Newark Avenue","ELEVTYP_F":0,"ELEVTYP_T":0},"geometry":{"type":"LineString","coordinates":[[-74.4900442356979,39.3388412588978],[-74.4895572641244,39.3382289020769]]}},{"type":"Feature","id":95344,"properties":{"OBJECTID":95344,"PRIMENAME":"Edgewater Avenue","ELEVTYP_F":0,"ELEVTYP_T":0},"geometry":{"type":"LineString","coordinates":[[-74.478583830849,39.3420603463771],[-74.4785823805342,39.3420609496547],[-74.4784716166983,39.342115622954],[-74.4783239661098,39.3421885487536],[-74.4780421053006,39.3423187236832],[-74.477894736273,39.3423899734776]]}},{"type":"Feature","id":95613,"properties":{"OBJECTID":95613,"PRIMENAME":"South Sacramento Avenue","ELEVTYP_F":0,"ELEVTYP_T":0},"geometry":{"type":"LineString","coordinates":[[-74.4801022525581,39.3373573430519],[-74.480216699876,39.3375006044703],[-74.4803743766936,39.337696178786]]}},{"type":"Feature","id":96769,"properties":{"OBJECTID":96769,"PRIMENAME":"North Gladstone Avenue","ELEVTYP_F":0,"ELEVTYP_T":0},"geometry":{"type":"LineString","coordinates":[[-74.5029311211108,39.3339762399899],[-74.5034555852235,39.3345540273273],[-74.5038671168888,39.3349880453025],[-74.5039696960848,39.3350962286594],[-74.5048022255799,39.3359661408148]]}},{"type":"Feature","id":96979,"properties":{"OBJECTID":96979,"PRIMENAME":"Monmouth Avenue","ELEVTYP_F":0,"ELEVTYP_T":0},"geometry":{"type":"LineString","coordinates":[[-74.4983287358022,39.3350849999815],[-74.4988139337944,39.3348111567865]]}},{"type":"Feature","id":97075,"properties":{"OBJECTID":97075,"PRIMENAME":"Montgomery Avenue","ELEVTYP_F":0,"ELEVTYP_T":0},"geometry":{"type":"LineString","coordinates":[[-74.4649304476738,39.3457025287595],[-74.4643626518607,39.3449843335017]]}},{"type":"Feature","id":97125,"properties":{"OBJECTID":97125,"PRIMENAME":"Atlantic Avenue","ELEVTYP_F":0,"ELEVTYP_T":0},"geometry":{"type":"LineString","coordinates":[[-74.4932154072459,39.3309958560878],[-74.4926964123725,39.3312474121906],[-74.4926940436839,39.3312485650842]]}},{"type":"Feature","id":97159,"properties":{"OBJECTID":97159,"PRIMENAME":"North Jerome Avenue","ELEVTYP_F":0,"ELEVTYP_T":0},"geometry":{"type":"LineString","coordinates":[[-74.506102685742,39.3306122115459],[-74.5066750918437,39.3312039024697],[-74.5070399929569,39.3316110669818]]}},{"type":"Feature","id":97482,"properties":{"OBJECTID":97482,"PRIMENAME":"Wellington Avenue","ELEVTYP_F":0,"ELEVTYP_T":0},"geometry":{"type":"LineString","coordinates":[[-74.5031183189531,39.3384765223783],[-74.5027565774953,39.3386864389717],[-74.5026119642848,39.3387701575666]]}},{"type":"Feature","id":97508,"properties":{"OBJECTID":97508,"PRIMENAME":"North Dorset Avenue","ELEVTYP_F":0,"ELEVTYP_T":0},"geometry":{"type":"LineString","coordinates":[[-74.4773867083468,39.340548429402],[-74.4774896318556,39.34068199934],[-74.477795085396,39.341069061546],[-74.4778125810147,39.3410900421062]]}},{"type":"Feature","id":97879,"properties":{"OBJECTID":97879,"PRIMENAME":"North Oakland Avenue","ELEVTYP_F":0,"ELEVTYP_T":0},"geometry":{"type":"LineString","coordinates":[[-74.4701450954134,39.3458539799376],[-74.4691948085955,39.3446557920086],[-74.4691611885863,39.3446348878693],[-74.4691141294701,39.3446192255838],[-74.4690340461722,39.3445971010809]]}},{"type":"Feature","id":97930,"properties":{"OBJECTID":97930,"PRIMENAME":"Fremont Avenue","ELEVTYP_F":0,"ELEVTYP_T":0},"geometry":{"type":"LineString","coordinates":[[-74.4794904916731,39.3487387999633],[-74.4801190574069,39.3484292514642]]}},{"type":"Feature","id":97953,"properties":{"OBJECTID":97953,"PRIMENAME":"Fremont Avenue","ELEVTYP_F":0,"ELEVTYP_T":0},"geometry":{"type":"LineString","coordinates":[[-74.4820120403801,39.3475165940467],[-74.4826863492497,39.3471867478918]]}},{"type":"Feature","id":98049,"properties":{"OBJECTID":98049,"PRIMENAME":"Wissahickon Avenue","ELEVTYP_F":0,"ELEVTYP_T":0},"geometry":{"type":"LineString","coordinates":[[-74.4858507372169,39.334568979662],[-74.4859187363351,39.3346967989512],[-74.4859406058881,39.3347237881694],[-74.4865620002351,39.3354906250664],[-74.486863275342,39.3358637709962],[-74.4869338023037,39.3359199284376]]}},{"type":"Feature","id":98206,"properties":{"OBJECTID":98206,"PRIMENAME":"Fremont Avenue","ELEVTYP_F":0,"ELEVTYP_T":0},"geometry":{"type":"LineString","coordinates":[[-74.5017596568466,39.336183574907],[-74.5023154591844,39.3358624017513]]}},{"type":"Feature","id":98530,"properties":{"OBJECTID":98530,"PRIMENAME":"Fulton Avenue","ELEVTYP_F":0,"ELEVTYP_T":0},"geometry":{"type":"LineString","coordinates":[[-74.4843910753597,39.3481432815786],[-74.4846625864141,39.3480113055347],[-74.4850192604664,39.347838291662]]}},{"type":"Feature","id":98839,"properties":{"OBJECTID":98839,"PRIMENAME":"North Swarthmore Avenue","ELEVTYP_F":0,"ELEVTYP_T":0},"geometry":{"type":"LineString","coordinates":[[-74.4932936915461,39.3360851272622],[-74.4944570891262,39.3373065508151]]}},{"type":"Feature","id":98848,"properties":{"OBJECTID":98848,"PRIMENAME":"South Pittsburgh Avenue","ELEVTYP_F":0,"ELEVTYP_T":0},"geometry":{"type":"LineString","coordinates":[[-74.4884964102541,39.3332847566476],[-74.4878415873859,39.3324751790725]]}},{"type":"Feature","id":98852,"properties":{"OBJECTID":98852,"PRIMENAME":"North Sacramento Avenue","ELEVTYP_F":0,"ELEVTYP_T":0},"geometry":{"type":"LineString","coordinates":[[-74.4822292314226,39.3400013409893],[-74.4823565557166,39.3401598962038],[-74.4832603494727,39.3412816685113]]}},{"type":"Feature","id":99044,"properties":{"OBJECTID":99044,"PRIMENAME":"Calvert Avenue","ELEVTYP_F":0,"ELEVTYP_T":0},"geometry":{"type":"LineString","coordinates":[[-74.4825585695651,39.3436852177148],[-74.4819322851478,39.3439924730198]]}},{"type":"Feature","id":99479,"properties":{"OBJECTID":99479,"PRIMENAME":"South Dudley Avenue","ELEVTYP_F":0,"ELEVTYP_T":0},"geometry":{"type":"LineString","coordinates":[[-74.4753804215047,39.3396420290011],[-74.4752153680011,39.3394369464437],[-74.4745912639248,39.338649736477]]}},{"type":"Feature","id":99596,"properties":{"OBJECTID":99596,"PRIMENAME":"Monmouth Avenue","ELEVTYP_F":0,"ELEVTYP_T":0},"geometry":{"type":"LineString","coordinates":[[-74.488500290537,39.3387366988924],[-74.4890300345059,39.3384821973629]]}},{"type":"Feature","id":101116,"properties":{"OBJECTID":101116,"PRIMENAME":"Monmouth Avenue","ELEVTYP_F":0,"ELEVTYP_T":0},"geometry":{"type":"LineString","coordinates":[[-74.4879802314967,39.338991198099],[-74.4884594489219,39.3387563262692],[-74.488500290537,39.3387366988924]]}},{"type":"Feature","id":101120,"properties":{"OBJECTID":101120,"PRIMENAME":"Winchester Avenue","ELEVTYP_F":0,"ELEVTYP_T":0},"geometry":{"type":"LineString","coordinates":[[-74.4680384471625,39.3468504588866],[-74.4683523970917,39.3467048023362]]}},{"type":"Feature","id":101747,"properties":{"OBJECTID":101747,"PRIMENAME":"Winchester Avenue","ELEVTYP_F":0,"ELEVTYP_T":0},"geometry":{"type":"LineString","coordinates":[[-74.4683523970917,39.3467048023362],[-74.4684218913816,39.3466725613392],[-74.4685677915476,39.3466041787702]]}},{"type":"Feature","id":101867,"properties":{"OBJECTID":101867,"PRIMENAME":"Winchester Avenue","ELEVTYP_F":0,"ELEVTYP_T":0},"geometry":{"type":"LineString","coordinates":[[-74.4858936360884,39.3382038047063],[-74.4853805035448,39.3384492327818]]}},{"type":"Feature","id":102096,"properties":{"OBJECTID":102096,"PRIMENAME":"Monmouth Avenue","ELEVTYP_F":0,"ELEVTYP_T":0},"geometry":{"type":"LineString","coordinates":[[-74.4914517590629,39.337303019743],[-74.4914944029919,39.3372821005776],[-74.4920794275936,39.3370002422406]]}},{"type":"Feature","id":102588,"properties":{"OBJECTID":102588,"PRIMENAME":"North Dudley Avenue","ELEVTYP_F":0,"ELEVTYP_T":0},"geometry":{"type":"LineString","coordinates":[[-74.477080143879,39.3417370574791],[-74.4769025668808,39.3415203337199]]}},{"type":"Feature","id":102636,"properties":{"OBJECTID":102636,"PRIMENAME":"North Iroquois Avenue","ELEVTYP_F":0,"ELEVTYP_T":0},"geometry":{"type":"LineString","coordinates":[[-74.5049564397653,39.3312668102551],[-74.5059086941853,39.3322612807802]]}},{"type":"Feature","id":102769,"properties":{"OBJECTID":102769,"PRIMENAME":"Winchester Avenue","ELEVTYP_F":0,"ELEVTYP_T":0},"geometry":{"type":"LineString","coordinates":[[-74.4976559500379,39.3335919392169],[-74.4974802988215,39.3336914664694],[-74.4971747111514,39.3338732238654]]}},{"type":"Feature","id":103283,"properties":{"OBJECTID":103283,"PRIMENAME":"Brunswick Drive","ELEVTYP_F":0,"ELEVTYP_T":0},"geometry":{"type":"LineString","coordinates":[[-74.4978645087982,39.3360918902169],[-74.4975326766987,39.336279660923]]}},{"type":"Feature","id":103319,"properties":{"OBJECTID":103319,"PRIMENAME":"North Belmont Drive","ELEVTYP_F":0,"ELEVTYP_T":0},"geometry":{"type":"LineString","coordinates":[[-74.4975326766987,39.336279660923],[-74.4981166884534,39.3369085161172],[-74.4985086886237,39.3373180125897]]}},{"type":"Feature","id":103548,"properties":{"OBJECTID":103548,"PRIMENAME":"Bayshore Drive","ELEVTYP_F":0,"ELEVTYP_T":0},"geometry":{"type":"LineString","coordinates":[[-74.503761394482,39.3427113069062],[-74.5038749684637,39.342645543872],[-74.5040486514467,39.3425241516803],[-74.5041980421187,39.3424000684785],[-74.5043300344525,39.3422813680858],[-74.5044620244533,39.3421330136946],[-74.5045627558945,39.3419819426288],[-74.5046078673688,39.3418713724184],[-74.5046319432365,39.341805365324]]}},{"type":"Feature","id":103680,"properties":{"OBJECTID":103680,"PRIMENAME":"Oak Grove Avenue","ELEVTYP_F":0,"ELEVTYP_T":0},"geometry":{"type":"LineString","coordinates":[[-74.4979893899949,39.3323754971425],[-74.498463509395,39.3321016767081]]}},{"type":"Feature","id":104587,"properties":{"OBJECTID":104587,"PRIMENAME":"North Washington Avenue","ELEVTYP_F":0,"ELEVTYP_T":0},"geometry":{"type":"LineString","coordinates":[[-74.4935920134245,39.3359232309514],[-74.4936893156973,39.3359227146943],[-74.4937497759777,39.3359254636347],[-74.4937698588899,39.3359279815837],[-74.4938049671598,39.3359323857322],[-74.49385439645,39.3359412019102],[-74.4938903878815,39.3359544926043],[-74.4939298449032,39.335973741448],[-74.493996876805,39.3360290710833],[-74.4940666685759,39.3360968329464]]}},{"type":"Feature","id":105342,"properties":{"OBJECTID":105342,"PRIMENAME":"South Somerset Avenue","ELEVTYP_F":0,"ELEVTYP_T":0},"geometry":{"type":"LineString","coordinates":[[-74.4746348122938,39.34188511953],[-74.4744938608339,39.3417102707453],[-74.4735489945615,39.3405298007487]]}},{"type":"Feature","id":105624,"properties":{"OBJECTID":105624,"PRIMENAME":"North Surrey Avenue","ELEVTYP_F":0,"ELEVTYP_T":0},"geometry":{"type":"LineString","coordinates":[[-74.4818238549157,39.3516356129144],[-74.482424248691,39.352378785876],[-74.4825836962666,39.352578833097]]}},{"type":"Feature","id":106331,"properties":{"OBJECTID":106331,"PRIMENAME":"Monmouth Avenue","ELEVTYP_F":0,"ELEVTYP_T":0},"geometry":{"type":"LineString","coordinates":[[-74.5008299468598,39.3336443204962],[-74.5010784603193,39.3335018997878],[-74.501545115715,39.3332340249068]]}},{"type":"Feature","id":106408,"properties":{"OBJECTID":106408,"PRIMENAME":"South Cornwall Avenue","ELEVTYP_F":0,"ELEVTYP_T":0},"geometry":{"type":"LineString","coordinates":[[-74.4781483034367,39.3383034842595],[-74.4790394944551,39.339410790544],[-74.4792329401571,39.3396546968833]]}},{"type":"Feature","id":106487,"properties":{"OBJECTID":106487,"PRIMENAME":"North Lafayette Avenue","ELEVTYP_F":0,"ELEVTYP_T":0},"geometry":{"type":"LineString","coordinates":[[-74.4914517590629,39.337303019743],[-74.4913103857968,39.3371228367171],[-74.49045851668,39.3360760609377],[-74.4904184289656,39.3360267993652]]}},{"type":"Feature","id":107690,"properties":{"OBJECTID":107690,"PRIMENAME":"North Essex Avenue","ELEVTYP_F":0,"ELEVTYP_T":0},"geometry":{"type":"LineString","coordinates":[[-74.5012065791167,39.3349664748091],[-74.5002533303552,39.3339721851801]]}},{"type":"Feature","id":107939,"properties":{"OBJECTID":107939,"PRIMENAME":"North Suffolk Avenue","ELEVTYP_F":0,"ELEVTYP_T":0},"geometry":{"type":"LineString","coordinates":[[-74.4770329589449,39.3445915683916],[-74.4769606742125,39.3445016611661],[-74.4762434599433,39.3436137008364],[-74.4759936330103,39.3433113775193]]}},{"type":"Feature","id":107959,"properties":{"OBJECTID":107959,"PRIMENAME":"North Dudley Avenue","ELEVTYP_F":0,"ELEVTYP_T":0},"geometry":{"type":"LineString","coordinates":[[-74.4769025668808,39.3415203337199],[-74.4764702936991,39.3409928285643]]}},{"type":"Feature","id":108943,"properties":{"OBJECTID":108943,"PRIMENAME":"North Cambridge Avenue","ELEVTYP_F":0,"ELEVTYP_T":0},"geometry":{"type":"LineString","coordinates":[[-74.4811767398134,39.3405125039216],[-74.4811190174894,39.3404402007477],[-74.4806119309792,39.3397985332987],[-74.4802008115037,39.3393000956769],[-74.4801336889798,39.3392193605928]]}},{"type":"Feature","id":109082,"properties":{"OBJECTID":109082,"PRIMENAME":"North Derby Avenue","ELEVTYP_F":0,"ELEVTYP_T":0},"geometry":{"type":"LineString","coordinates":[[-74.4823362743055,39.3455803352145],[-74.481346502492,39.3443574464696],[-74.4812918844703,39.3443039799087]]}},{"type":"Feature","id":110036,"properties":{"OBJECTID":110036,"PRIMENAME":"Hillside Avenue","ELEVTYP_F":0,"ELEVTYP_T":0},"geometry":{"type":"LineString","coordinates":[[-74.4693613493499,39.3428238919812],[-74.4693056844714,39.3427552327112],[-74.4692754636833,39.3427255447722],[-74.4692505786959,39.34270552215],[-74.4692292264302,39.3426930780902],[-74.46921059513,39.3426848091107],[-74.4691821680943,39.3426785688672],[-74.4691375813693,39.3426733674741]]}},{"type":"Feature","id":110189,"properties":{"OBJECTID":110189,"PRIMENAME":"Balfour Avenue","ELEVTYP_F":0,"ELEVTYP_T":0},"geometry":{"type":"LineString","coordinates":[[-74.4809826574953,39.3462366687909],[-74.4803510034629,39.34654262461]]}},{"type":"Feature","id":110770,"properties":{"OBJECTID":110770,"PRIMENAME":"North Granville Avenue","ELEVTYP_F":0,"ELEVTYP_T":0},"geometry":{"type":"LineString","coordinates":[[-74.50170073787,39.3312643496147],[-74.5013901054417,39.330935997057],[-74.5008194430527,39.3303476014067],[-74.500069403151,39.329546302863]]}},{"type":"Feature","id":110838,"properties":{"OBJECTID":110838,"PRIMENAME":"North Portland Avenue","ELEVTYP_F":0,"ELEVTYP_T":0},"geometry":{"type":"LineString","coordinates":[[-74.4843084528874,39.3407732039661],[-74.4832832634274,39.3394946989031]]}},{"type":"Feature","id":111064,"properties":{"OBJECTID":111064,"PRIMENAME":"Burk Avenue","ELEVTYP_F":0,"ELEVTYP_T":0},"geometry":{"type":"LineString","coordinates":[[-74.4844104468629,39.3534771851354],[-74.4839123598312,39.3537140044559],[-74.483903509216,39.3537184838648],[-74.4836188592782,39.3538625315253]]}},{"type":"Feature","id":111511,"properties":{"OBJECTID":111511,"PRIMENAME":"Atlantic Avenue","ELEVTYP_F":0,"ELEVTYP_T":0},"geometry":{"type":"LineString","coordinates":[[-74.4711216595116,39.3417089344043],[-74.4706494744235,39.341937668626]]}},{"type":"Feature","id":111725,"properties":{"OBJECTID":111725,"PRIMENAME":"North Fredericksburg Avenue","ELEVTYP_F":0,"ELEVTYP_T":0},"geometry":{"type":"LineString","coordinates":[[-74.4957085111604,39.3365873447693],[-74.4954387088546,39.3363079499479]]}},{"type":"Feature","id":112227,"properties":{"OBJECTID":112227,"PRIMENAME":"Winchester Avenue","ELEVTYP_F":0,"ELEVTYP_T":0},"geometry":{"type":"LineString","coordinates":[[-74.4885248748154,39.3369451424859],[-74.487999525908,39.3371973082301]]}},{"type":"Feature","id":112230,"properties":{"OBJECTID":112230,"PRIMENAME":"North Oxford Avenue","ELEVTYP_F":0,"ELEVTYP_T":0},"geometry":{"type":"LineString","coordinates":[[-74.4834275081219,39.3503564951083],[-74.4829678396686,39.3497940585962],[-74.4824117724471,39.3491054965976]]}},{"type":"Feature","id":112621,"properties":{"OBJECTID":112621,"PRIMENAME":"South Oakland Avenue","ELEVTYP_F":0,"ELEVTYP_T":0},"geometry":{"type":"LineString","coordinates":[[-74.4679741097125,39.3432368238849],[-74.4679647640069,39.3431828959864],[-74.4679547074818,39.3431358870303],[-74.4679311760835,39.3430941188908],[-74.4672288341664,39.3422088255612]]}},{"type":"Feature","id":112833,"properties":{"OBJECTID":112833,"PRIMENAME":"North Wissahickon Avenue","ELEVTYP_F":0,"ELEVTYP_T":0},"geometry":{"type":"LineString","coordinates":[[-74.4932654161867,39.3426061779831],[-74.4931978148878,39.3425376141203],[-74.4928301778168,39.3421488590553],[-74.4923839834602,39.3416798127717]]}},{"type":"Feature","id":113333,"properties":{"OBJECTID":113333,"PRIMENAME":"North Haverford Avenue","ELEVTYP_F":0,"ELEVTYP_T":0},"geometry":{"type":"LineString","coordinates":[[-74.5033867726386,39.3321709389001],[-74.504333290523,39.3331677563341]]}},{"type":"Feature","id":113396,"properties":{"OBJECTID":113396,"PRIMENAME":"Fremont Avenue","ELEVTYP_F":0,"ELEVTYP_T":0},"geometry":{"type":"LineString","coordinates":[[-74.4807541596287,39.3481252469312],[-74.4813848342584,39.3478233794375]]}},{"type":"Feature","id":113581,"properties":{"OBJECTID":113581,"PRIMENAME":"Fremont Avenue","ELEVTYP_F":0,"ELEVTYP_T":0},"geometry":{"type":"LineString","coordinates":[[-74.4852497302475,39.3459417979697],[-74.485878280489,39.3456371870917]]}},{"type":"Feature","id":113591,"properties":{"OBJECTID":113591,"PRIMENAME":"North Frontenac Avenue","ELEVTYP_F":0,"ELEVTYP_T":0},"geometry":{"type":"LineString","coordinates":[[-74.501545115715,39.3332340249068],[-74.5003879898074,39.332020935387]]}},{"type":"Feature","id":113622,"properties":{"OBJECTID":113622,"PRIMENAME":"Calvert Avenue","ELEVTYP_F":0,"ELEVTYP_T":0},"geometry":{"type":"LineString","coordinates":[[-74.4812918844703,39.3443039799087],[-74.4806261210998,39.3446269274594]]}},{"type":"Feature","id":115052,"properties":{"OBJECTID":115052,"PRIMENAME":"North Somerset Avenue","ELEVTYP_F":0,"ELEVTYP_T":0},"geometry":{"type":"LineString","coordinates":[[-74.4807541596287,39.3481252469312],[-74.4808778886264,39.3482781197278],[-74.4816870882357,39.3492909934293],[-74.4817830346109,39.3494098137931]]}},{"type":"Feature","id":115549,"properties":{"OBJECTID":115549,"PRIMENAME":"North Derby Avenue","ELEVTYP_F":0,"ELEVTYP_T":0},"geometry":{"type":"LineString","coordinates":[[-74.4854076806541,39.3493992590335],[-74.4845006344684,39.3482808816693],[-74.4843910753597,39.3481432815786]]}},{"type":"Feature","id":115677,"properties":{"OBJECTID":115677,"PRIMENAME":"North New Haven Avenue","ELEVTYP_F":0,"ELEVTYP_T":0},"geometry":{"type":"LineString","coordinates":[[-74.4863987823686,39.3397449891817],[-74.4857753494224,39.3389690670255],[-74.485434228667,39.3385444599602],[-74.4854048548813,39.338501019076],[-74.4853805035448,39.3384492327818]]}},{"type":"Feature","id":115719,"properties":{"OBJECTID":115719,"PRIMENAME":"Ventnor Gardens Plaza","ELEVTYP_F":0,"ELEVTYP_T":0},"geometry":{"type":"LineString","coordinates":[[-74.4906653810839,39.3385408234509],[-74.4907465697877,39.3385015661933],[-74.4909971693548,39.3383786888144]]}},{"type":"Feature","id":116128,"properties":{"OBJECTID":116128,"PRIMENAME":"North Cambridge Avenue","ELEVTYP_F":0,"ELEVTYP_T":0},"geometry":{"type":"LineString","coordinates":[[-74.4822059715761,39.3417923187949],[-74.4818412788455,39.3413445234963],[-74.4811767398134,39.3405125039216]]}},{"type":"Feature","id":116647,"properties":{"OBJECTID":116647,"PRIMENAME":"Atlantic Avenue","ELEVTYP_F":0,"ELEVTYP_T":0},"geometry":{"type":"LineString","coordinates":[[-74.4675055465826,39.3434637068273],[-74.4673217710695,39.3435526979689],[-74.467045150404,39.3436874058153]]}},{"type":"Feature","id":116933,"properties":{"OBJECTID":116933,"PRIMENAME":"North Newton Avenue","ELEVTYP_F":0,"ELEVTYP_T":0},"geometry":{"type":"LineString","coordinates":[[-74.4669150273675,39.3472784710459],[-74.4659667174729,39.3460873145817]]}},{"type":"Feature","id":117008,"properties":{"OBJECTID":117008,"PRIMENAME":"North Fredericksburg Avenue","ELEVTYP_F":0,"ELEVTYP_T":0},"geometry":{"type":"LineString","coordinates":[[-74.4937676242433,39.3344041625135],[-74.493326467505,39.3338514861351],[-74.4929644645706,39.3333982176511],[-74.4928403146659,39.3332427665441],[-74.4927320000365,39.3331081665286]]}},{"type":"Feature","id":117060,"properties":{"OBJECTID":117060,"PRIMENAME":"Monmouth Avenue","ELEVTYP_F":0,"ELEVTYP_T":0},"geometry":{"type":"LineString","coordinates":[[-74.4809679280746,39.3423943881858],[-74.4817406462373,39.3420192866248]]}},{"type":"Feature","id":117806,"properties":{"OBJECTID":117806,"PRIMENAME":"Wellington Avenue","ELEVTYP_F":0,"ELEVTYP_T":0},"geometry":{"type":"LineString","coordinates":[[-74.4860355187939,39.3490939069334],[-74.4866641297968,39.3487894847594]]}},{"type":"Feature","id":117909,"properties":{"OBJECTID":117909,"PRIMENAME":"North Wyoming Avenue","ELEVTYP_F":0,"ELEVTYP_T":0},"geometry":{"type":"LineString","coordinates":[[-74.4913296974675,39.3382156758907],[-74.4913949313588,39.3382334447646],[-74.4914731067846,39.3382410290566],[-74.4915676175728,39.3382612718052],[-74.4916490073927,39.3382992226213],[-74.4917272158977,39.3383321213944],[-74.4918282282983,39.3383776799428],[-74.4919031482493,39.3384105783664]]}},{"type":"Feature","id":118316,"properties":{"OBJECTID":118316,"PRIMENAME":"North Clermont Avenue","ELEVTYP_F":0,"ELEVTYP_T":0},"geometry":{"type":"LineString","coordinates":[[-74.4976559500379,39.3335919392169],[-74.4982634180307,39.3342370487183],[-74.4985380223122,39.3345234274665]]}},{"type":"Feature","id":119146,"properties":{"OBJECTID":119146,"PRIMENAME":"Filbert Avenue","ELEVTYP_F":0,"ELEVTYP_T":0},"geometry":{"type":"LineString","coordinates":[[-74.4644756552836,39.3549964283027],[-74.4643547876393,39.3550549917725],[-74.4640437227303,39.3552057088765]]}},{"type":"Feature","id":119216,"properties":{"OBJECTID":119216,"PRIMENAME":"Burk Avenue","ELEVTYP_F":0,"ELEVTYP_T":0},"geometry":{"type":"LineString","coordinates":[[-74.4849201261458,39.3532310525939],[-74.48471263249,39.3533335062649],[-74.4844104468629,39.3534771851354]]}},{"type":"Feature","id":119400,"properties":{"OBJECTID":119400,"PRIMENAME":"North Wissahickon Avenue","ELEVTYP_F":0,"ELEVTYP_T":0},"geometry":{"type":"LineString","coordinates":[[-74.4923839834602,39.3416798127717],[-74.4919894500201,39.3412651062246],[-74.4913725387437,39.3406244942491]]}},{"type":"Feature","id":119402,"properties":{"OBJECTID":119402,"PRIMENAME":"Marshall Avenue","ELEVTYP_F":0,"ELEVTYP_T":0},"geometry":{"type":"LineString","coordinates":[[-74.5056705905061,39.3385488288148],[-74.5059291882048,39.3383992314103]]}},{"type":"Feature","id":119482,"properties":{"OBJECTID":119482,"PRIMENAME":"Atlantic Avenue","ELEVTYP_F":0,"ELEVTYP_T":0},"geometry":{"type":"LineString","coordinates":[[-74.4753804215047,39.3396420290011],[-74.4749598971336,39.3398463004089],[-74.4744620961417,39.3400874560594]]}},{"type":"Feature","id":119847,"properties":{"OBJECTID":119847,"PRIMENAME":"Atlantic Avenue","ELEVTYP_F":0,"ELEVTYP_T":0},"geometry":{"type":"LineString","coordinates":[[-74.4942653359342,39.3304845283749],[-74.4940917397421,39.3305682900217],[-74.49374405062,39.3307381753441]]}},{"type":"Feature","id":120302,"properties":{"OBJECTID":120302,"PRIMENAME":"Winchester Avenue","ELEVTYP_F":0,"ELEVTYP_T":0},"geometry":{"type":"LineString","coordinates":[[-74.5003879898074,39.332020935387],[-74.4996866508054,39.3324249083836]]}},{"type":"Feature","id":120564,"properties":{"OBJECTID":120564,"PRIMENAME":"Monmouth Avenue","ELEVTYP_F":0,"ELEVTYP_T":0},"geometry":{"type":"LineString","coordinates":[[-74.4858772575977,39.3400022253543],[-74.4863987823686,39.3397449891817]]}},{"type":"Feature","id":120750,"properties":{"OBJECTID":120750,"PRIMENAME":"North Somerset Avenue","ELEVTYP_F":0,"ELEVTYP_T":0},"geometry":{"type":"LineString","coordinates":[[-74.4750645647387,39.3424181213323],[-74.4746348122938,39.34188511953]]}},{"type":"Feature","id":121054,"properties":{"OBJECTID":121054,"PRIMENAME":"Atlantic Avenue","ELEVTYP_F":0,"ELEVTYP_T":0},"geometry":{"type":"LineString","coordinates":[[-74.4843018219227,39.3353207965213],[-74.4837610164886,39.3355831275199]]}},{"type":"Feature","id":121087,"properties":{"OBJECTID":121087,"PRIMENAME":"Monmouth Avenue","ELEVTYP_F":0,"ELEVTYP_T":0},"geometry":{"type":"LineString","coordinates":[[-74.4957085111604,39.3365873447693],[-74.4964642959408,39.3361574227426]]}},{"type":"Feature","id":121399,"properties":{"OBJECTID":121399,"PRIMENAME":"Atlantic Avenue","ELEVTYP_F":0,"ELEVTYP_T":0},"geometry":{"type":"LineString","coordinates":[[-74.4911157874674,39.3320149139595],[-74.4905984398539,39.3322655815948]]}},{"type":"Feature","id":121837,"properties":{"OBJECTID":121837,"PRIMENAME":"Marshall Avenue","ELEVTYP_F":0,"ELEVTYP_T":0},"geometry":{"type":"LineString","coordinates":[[-74.4857785626271,39.3510332585122],[-74.4854391344307,39.3511994125936],[-74.4851010852002,39.3513607330055]]}},{"type":"Feature","id":122230,"properties":{"OBJECTID":122230,"PRIMENAME":"North Victoria Avenue","ELEVTYP_F":0,"ELEVTYP_T":0},"geometry":{"type":"LineString","coordinates":[[-74.4728180385486,39.3439309011361],[-74.4721406768451,39.3430930063056]]}},{"type":"Feature","id":123582,"properties":{"OBJECTID":123582,"PRIMENAME":"Monmouth Avenue","ELEVTYP_F":0,"ELEVTYP_T":0},"geometry":{"type":"LineString","coordinates":[[-74.4926917803876,39.3366904592559],[-74.4927603429174,39.3366474659165],[-74.4928609443874,39.3365530758965],[-74.4928956344497,39.3365086372916],[-74.4929447870409,39.3364456698222],[-74.4929571639663,39.3364265327912]]}},{"type":"Feature","id":123940,"properties":{"OBJECTID":123940,"PRIMENAME":"North Exeter Avenue","ELEVTYP_F":0,"ELEVTYP_T":0},"geometry":{"type":"LineString","coordinates":[[-74.5047123494032,39.3375514471362],[-74.5037585166382,39.336549083864],[-74.5035282951455,39.336307145212],[-74.5028217234033,39.3355698928242]]}},{"type":"Feature","id":125005,"properties":{"OBJECTID":125005,"PRIMENAME":"Marshall Avenue","ELEVTYP_F":0,"ELEVTYP_T":0},"geometry":{"type":"LineString","coordinates":[[-74.5040996041556,39.339457661943],[-74.5046191805903,39.3391570997484]]}},{"type":"Feature","id":125900,"properties":{"OBJECTID":125900,"PRIMENAME":"North Harvard Avenue","ELEVTYP_F":0,"ELEVTYP_T":0},"geometry":{"type":"LineString","coordinates":[[-74.4817031298043,39.3402563057159],[-74.4827334985803,39.341535814388]]}},{"type":"Feature","id":126116,"properties":{"OBJECTID":126116,"PRIMENAME":"North Surrey Avenue","ELEVTYP_F":0,"ELEVTYP_T":0},"geometry":{"type":"LineString","coordinates":[[-74.4728002750484,39.3427741684318],[-74.4729993648907,39.3430215733518],[-74.4732267651989,39.343309291282]]}},{"type":"Feature","id":126172,"properties":{"OBJECTID":126172,"PRIMENAME":"North Gladstone Avenue","ELEVTYP_F":0,"ELEVTYP_T":0},"geometry":{"type":"LineString","coordinates":[[-74.5022473707583,39.3328291345324],[-74.5020566931729,39.3326304599403],[-74.5010871644375,39.3316178094263]]}},{"type":"Feature","id":126214,"properties":{"OBJECTID":126214,"PRIMENAME":"North Washington Avenue","ELEVTYP_F":0,"ELEVTYP_T":0},"geometry":{"type":"LineString","coordinates":[[-74.4927249187271,39.3349086486663],[-74.4928862294559,39.3351078582473],[-74.4931334834996,39.3354171196839],[-74.4934811759131,39.3358522208802],[-74.4935114035335,39.3358867633601],[-74.4935505410215,39.3359102686585],[-74.4935920134245,39.3359232309514]]}},{"type":"Feature","id":126971,"properties":{"OBJECTID":126971,"PRIMENAME":"Fulton Avenue","ELEVTYP_F":0,"ELEVTYP_T":0},"geometry":{"type":"LineString","coordinates":[[-74.4805222533091,39.3500184364915],[-74.4806223115708,39.3499698544235],[-74.4811534781469,39.3497135779483]]}},{"type":"Feature","id":127058,"properties":{"OBJECTID":127058,"PRIMENAME":"North Surrey Avenue","ELEVTYP_F":0,"ELEVTYP_T":0},"geometry":{"type":"LineString","coordinates":[[-74.4774301937576,39.3461767274588],[-74.4780114282879,39.3468962071907],[-74.4784631529477,39.3474561902572]]}},{"type":"Feature","id":128239,"properties":{"OBJECTID":128239,"PRIMENAME":"South Amherst Avenue","ELEVTYP_F":0,"ELEVTYP_T":0},"geometry":{"type":"LineString","coordinates":[[-74.4691375813693,39.3426733674741],[-74.4691033560568,39.3426645718708],[-74.46907786512,39.3426560812509],[-74.4690474972437,39.3426419331277],[-74.469018368146,39.3426230623669],[-74.4689904822263,39.3425947739362],[-74.4682943384074,39.3417224513022]]}},{"type":"Feature","id":128958,"properties":{"OBJECTID":128958,"PRIMENAME":"North Delavan Avenue","ELEVTYP_F":0,"ELEVTYP_T":0},"geometry":{"type":"LineString","coordinates":[[-74.4990207460896,39.334244471234],[-74.4987507006972,39.3339624590032],[-74.4982203402575,39.3334032106868],[-74.4981388819091,39.3333174618442]]}},{"type":"Feature","id":129423,"properties":{"OBJECTID":129423,"PRIMENAME":"North Jasper Avenue","ELEVTYP_F":0,"ELEVTYP_T":0},"geometry":{"type":"LineString","coordinates":[[-74.50643160359,39.3319607099548],[-74.5054834472924,39.3309658588153]]}},{"type":"Feature","id":129899,"properties":{"OBJECTID":129899,"PRIMENAME":"Filbert Avenue","ELEVTYP_F":0,"ELEVTYP_T":0},"geometry":{"type":"LineString","coordinates":[[-74.4640437227303,39.3552057088765],[-74.463603190522,39.3554198990713]]}},{"type":"Feature","id":130379,"properties":{"OBJECTID":130379,"PRIMENAME":"North Baton Rouge Avenue","ELEVTYP_F":0,"ELEVTYP_T":0},"geometry":{"type":"LineString","coordinates":[[-74.4678298830855,39.3456841464816],[-74.4685677915476,39.3466041787702]]}},{"type":"Feature","id":130707,"properties":{"OBJECTID":130707,"PRIMENAME":"North Essex Avenue","ELEVTYP_F":0,"ELEVTYP_T":0},"geometry":{"type":"LineString","coordinates":[[-74.499981831101,39.3336890227539],[-74.4997453369067,39.3334423229046],[-74.4991010584711,39.332765865239]]}},{"type":"Feature","id":131779,"properties":{"OBJECTID":131779,"PRIMENAME":"South Suffolk Avenue","ELEVTYP_F":0,"ELEVTYP_T":0},"geometry":{"type":"LineString","coordinates":[[-74.4726283818105,39.3409773269565],[-74.4727486177198,39.3411240290848],[-74.4727943043744,39.3411808288012]]}},{"type":"Feature","id":132016,"properties":{"OBJECTID":132016,"PRIMENAME":"North Dorset Avenue","ELEVTYP_F":0,"ELEVTYP_T":0},"geometry":{"type":"LineString","coordinates":[[-74.481658867933,39.3459091358054],[-74.481905933686,39.3462158666847],[-74.4824633153388,39.346909263593],[-74.4826863492497,39.3471867478918]]}},{"type":"Feature","id":132257,"properties":{"OBJECTID":132257,"PRIMENAME":"Winchester Avenue","ELEVTYP_F":0,"ELEVTYP_T":0},"geometry":{"type":"LineString","coordinates":[[-74.50170073787,39.3312643496147],[-74.5015607713601,39.3313444708924],[-74.5010871644375,39.3316178094263]]}},{"type":"Feature","id":132526,"properties":{"OBJECTID":132526,"PRIMENAME":"Wellington Avenue","ELEVTYP_F":0,"ELEVTYP_T":0},"geometry":{"type":"LineString","coordinates":[[-74.4854076806541,39.3493992590335],[-74.4860355187939,39.3490939069334]]}},{"type":"Feature","id":132952,"properties":{"OBJECTID":132952,"PRIMENAME":"North Huntington Avenue","ELEVTYP_F":0,"ELEVTYP_T":0},"geometry":{"type":"LineString","coordinates":[[-74.5048309703524,39.3328813887089],[-74.5048337663298,39.3329221900589],[-74.5048425025215,39.3329642261773],[-74.5048547026656,39.3329940705348],[-74.5048900251805,39.3330378630246],[-74.5054695859272,39.3336554523202],[-74.5062541324636,39.3344652245371],[-74.5066687968946,39.3349019853313]]}},{"type":"Feature","id":133835,"properties":{"OBJECTID":133835,"PRIMENAME":"Atlantic Avenue","ELEVTYP_F":0,"ELEVTYP_T":0},"geometry":{"type":"LineString","coordinates":[[-74.4882877247639,39.3333859693027],[-74.4879717253252,39.3335377188118]]}},{"type":"Feature","id":134136,"properties":{"OBJECTID":134136,"PRIMENAME":"North Oxford Avenue","ELEVTYP_F":0,"ELEVTYP_T":0},"geometry":{"type":"LineString","coordinates":[[-74.483948486924,39.351005353933],[-74.4839247886806,39.3509753428429],[-74.4836813872865,39.3506670946417],[-74.4834275081219,39.3503564951083]]}},{"type":"Feature","id":134842,"properties":{"OBJECTID":134842,"PRIMENAME":"North Colmar Circle","ELEVTYP_F":0,"ELEVTYP_T":0},"geometry":{"type":"LineString","coordinates":[[-74.505561772355,39.3347297241724],[-74.5053737938421,39.3348697635852],[-74.5052226871685,39.3349637001039],[-74.5048980915423,39.3351319420624]]}},{"type":"Feature","id":136476,"properties":{"OBJECTID":136476,"PRIMENAME":"Unnamed Segment","ELEVTYP_F":0,"ELEVTYP_T":0},"geometry":{"type":"LineString","coordinates":[[-74.4954387088546,39.3363079499479],[-74.4950452799242,39.3365230688291]]}},{"type":"Feature","id":136704,"properties":{"OBJECTID":136704,"PRIMENAME":"North Raleigh Avenue","ELEVTYP_F":0,"ELEVTYP_T":0},"geometry":{"type":"LineString","coordinates":[[-74.4645648198569,39.3528166360727],[-74.4639889392762,39.3521067014418]]}},{"type":"Feature","id":137079,"properties":{"OBJECTID":137079,"PRIMENAME":"Balfour Avenue","ELEVTYP_F":0,"ELEVTYP_T":0},"geometry":{"type":"LineString","coordinates":[[-74.4797228456429,39.3468475894031],[-74.4790883862629,39.3471556250289]]}},{"type":"Feature","id":137195,"properties":{"OBJECTID":137195,"PRIMENAME":"Fremont Avenue","ELEVTYP_F":0,"ELEVTYP_T":0},"geometry":{"type":"LineString","coordinates":[[-74.5028217234033,39.3355698928242],[-74.5029452926006,39.335498475066]]}},{"type":"Feature","id":137282,"properties":{"OBJECTID":137282,"PRIMENAME":"South Derby Avenue","ELEVTYP_F":0,"ELEVTYP_T":0},"geometry":{"type":"LineString","coordinates":[[-74.478311527505,39.3401009491807],[-74.4772204665449,39.3387506330367]]}},{"type":"Feature","id":138424,"properties":{"OBJECTID":138424,"PRIMENAME":"North Derby Avenue","ELEVTYP_F":0,"ELEVTYP_T":0},"geometry":{"type":"LineString","coordinates":[[-74.4833663445422,39.3468579967133],[-74.482491252114,39.3457718694443],[-74.4823362743055,39.3455803352145]]}},{"type":"Feature","id":138885,"properties":{"OBJECTID":138885,"PRIMENAME":"North Bartram Place","ELEVTYP_F":0,"ELEVTYP_T":0},"geometry":{"type":"LineString","coordinates":[[-74.4637473136524,39.348979519059],[-74.4643493773168,39.3497457495785]]}},{"type":"Feature","id":139661,"properties":{"OBJECTID":139661,"PRIMENAME":"Suffolk Court","ELEVTYP_F":0,"ELEVTYP_T":0},"geometry":{"type":"LineString","coordinates":[[-74.4852312165496,39.3503507556371],[-74.4852176101654,39.3503573550546],[-74.4845555124731,39.3506785190812]]}},{"type":"Feature","id":140366,"properties":{"OBJECTID":140366,"PRIMENAME":"Monmouth Avenue","ELEVTYP_F":0,"ELEVTYP_T":0},"geometry":{"type":"LineString","coordinates":[[-74.477658847013,39.3442833503151],[-74.4782844464598,39.3439752936508]]}},{"type":"Feature","id":142698,"properties":{"OBJECTID":142698,"PRIMENAME":"Burk Avenue","ELEVTYP_F":0,"ELEVTYP_T":0},"geometry":{"type":"LineString","coordinates":[[-74.4836188592782,39.3538625315253],[-74.4835806948173,39.3538818557436],[-74.4833535771466,39.3540161424616],[-74.4830971030369,39.3541643167755]]}},{"type":"Feature","id":143832,"properties":{"OBJECTID":143832,"PRIMENAME":"Edgewater Avenue","ELEVTYP_F":0,"ELEVTYP_T":0},"geometry":{"type":"LineString","coordinates":[[-74.4759936330103,39.3433113775193],[-74.4758373475557,39.3433864945482],[-74.4753673235757,39.3436142321759]]}},{"type":"Feature","id":144461,"properties":{"OBJECTID":144461,"PRIMENAME":"North Suffolk Avenue","ELEVTYP_F":0,"ELEVTYP_T":0},"geometry":{"type":"LineString","coordinates":[[-74.4821674669546,39.3509684028765],[-74.4814944506443,39.3501392128357],[-74.4811534781469,39.3497135779483]]}},{"type":"Feature","id":145278,"properties":{"OBJECTID":145278,"PRIMENAME":"Marshall Avenue","ELEVTYP_F":0,"ELEVTYP_T":0},"geometry":{"type":"LineString","coordinates":[[-74.4848673259288,39.3514722944238],[-74.4847414896092,39.3515323494819],[-74.4844677771163,39.3516629768212]]}},{"type":"Feature","id":146031,"properties":{"OBJECTID":146031,"PRIMENAME":"Fremont Avenue","ELEVTYP_F":0,"ELEVTYP_T":0},"geometry":{"type":"LineString","coordinates":[[-74.4788567925189,39.3490473559284],[-74.4792320184227,39.3488660991472],[-74.4794904916731,39.3487387999633]]}},{"type":"Feature","id":146654,"properties":{"OBJECTID":146654,"PRIMENAME":"Atlantic Avenue","ELEVTYP_F":0,"ELEVTYP_T":0},"geometry":{"type":"LineString","coordinates":[[-74.4772204665449,39.3387506330367],[-74.4766920919213,39.3390048892045],[-74.4762965077551,39.3391970347036]]}},{"type":"Feature","id":148293,"properties":{"OBJECTID":148293,"PRIMENAME":"Atlantic Avenue","ELEVTYP_F":0,"ELEVTYP_T":0},"geometry":{"type":"LineString","coordinates":[[-74.4643626518607,39.3449843335017],[-74.4639666449353,39.3451792923339]]}},{"type":"Feature","id":149195,"properties":{"OBJECTID":149195,"PRIMENAME":"North Marion Avenue","ELEVTYP_F":0,"ELEVTYP_T":0},"geometry":{"type":"LineString","coordinates":[[-74.4690931377098,39.3463579492226],[-74.4683541324933,39.3454292712313]]}},{"type":"Feature","id":149239,"properties":{"OBJECTID":149239,"PRIMENAME":"Winchester Road","ELEVTYP_F":0,"ELEVTYP_T":0},"geometry":{"type":"LineString","coordinates":[[-74.4993651086399,39.3309539875247],[-74.49916885404,39.3311026656802]]}},{"type":"Feature","id":149741,"properties":{"OBJECTID":149741,"PRIMENAME":"North Oxford Avenue","ELEVTYP_F":0,"ELEVTYP_T":0},"geometry":{"type":"LineString","coordinates":[[-74.4803510034629,39.34654262461],[-74.4802482057414,39.3464151531509],[-74.4797418952973,39.3457804847119],[-74.4793199337683,39.3452602411507]]}},{"type":"Feature","id":150439,"properties":{"OBJECTID":150439,"PRIMENAME":"Little Rock Avenue","ELEVTYP_F":0,"ELEVTYP_T":0},"geometry":{"type":"LineString","coordinates":[[-74.4724320916464,39.3441523588219],[-74.4725446597703,39.3442981269244]]}},{"type":"Feature","id":150530,"properties":{"OBJECTID":150530,"PRIMENAME":"North Raleigh Avenue","ELEVTYP_F":0,"ELEVTYP_T":0},"geometry":{"type":"LineString","coordinates":[[-74.4674925992443,39.3564515025849],[-74.4671954322317,39.3560788945247],[-74.4669883821439,39.3558192782994]]}},{"type":"Feature","id":159048,"properties":{"OBJECTID":159048,"PRIMENAME":"North Victoria Avenue","ELEVTYP_F":0,"ELEVTYP_T":0},"geometry":{"type":"LineString","coordinates":[[-74.4798870968754,39.3503268329053],[-74.4804684963221,39.3510471232274],[-74.4806794744838,39.3513124283839],[-74.4808407575609,39.3515152402201],[-74.4808617954988,39.351531937511],[-74.4808906143681,39.3515436113517],[-74.4809555056666,39.3515557027633]]}},{"type":"Feature","id":159658,"properties":{"OBJECTID":159658,"PRIMENAME":"Suffolk Court","ELEVTYP_F":0,"ELEVTYP_T":0},"geometry":{"type":"LineString","coordinates":[[-74.4845555124731,39.3506785190812],[-74.4842426145454,39.3508291062829],[-74.4839735544173,39.3509585935794],[-74.483948486924,39.351005353933]]}},{"type":"Feature","id":159712,"properties":{"OBJECTID":159712,"PRIMENAME":"Winchester Avenue","ELEVTYP_F":0,"ELEVTYP_T":0},"geometry":{"type":"LineString","coordinates":[[-74.4690931377098,39.3463579492226],[-74.4695032458912,39.3461656953322],[-74.4696310715509,39.3461036213783]]}},{"type":"Feature","id":159993,"properties":{"OBJECTID":159993,"PRIMENAME":"South Victoria Avenue","ELEVTYP_F":0,"ELEVTYP_T":0},"geometry":{"type":"LineString","coordinates":[[-74.4711216595116,39.3417089344043],[-74.471123062626,39.3416511926682],[-74.4711118009874,39.3416074788457],[-74.4703952259468,39.3407037215878]]}},{"type":"Feature","id":160127,"properties":{"OBJECTID":160127,"PRIMENAME":"Winchester Avenue","ELEVTYP_F":0,"ELEVTYP_T":0},"geometry":{"type":"LineString","coordinates":[[-74.4796229991411,39.3405380208744],[-74.4795238139863,39.3405841070658],[-74.4789290902511,39.3408717484384],[-74.4789281555791,39.3408705609981]]}},{"type":"Feature","id":160800,"properties":{"OBJECTID":160800,"PRIMENAME":"Wellington Avenue","ELEVTYP_F":0,"ELEVTYP_T":0},"geometry":{"type":"LineString","coordinates":[[-74.5042001025567,39.3378487143906],[-74.5036592839335,39.3381625651482]]}},{"type":"Feature","id":161494,"properties":{"OBJECTID":161494,"PRIMENAME":"Fredericksburg Avenue","ELEVTYP_F":0,"ELEVTYP_T":0},"geometry":{"type":"LineString","coordinates":[[-74.5006142769428,39.3417145189263],[-74.5008153084044,39.3419345834898],[-74.5009858495862,39.3421212692544],[-74.5013819912862,39.3425549100317]]}},{"type":"Feature","id":161535,"properties":{"OBJECTID":161535,"PRIMENAME":"North Dorset Avenue","ELEVTYP_F":0,"ELEVTYP_T":0},"geometry":{"type":"LineString","coordinates":[[-74.4852312165496,39.3503507556371],[-74.4857785626271,39.3510332585122]]}},{"type":"Feature","id":161537,"properties":{"OBJECTID":161537,"PRIMENAME":"Winchester Avenue","ELEVTYP_F":0,"ELEVTYP_T":0},"geometry":{"type":"LineString","coordinates":[[-74.4807150629887,39.3407369424129],[-74.4802708172623,39.3409521576979],[-74.4802113328072,39.3408776332775]]}},{"type":"Feature","id":162407,"properties":{"OBJECTID":162407,"PRIMENAME":"Winchester Avenue","ELEVTYP_F":0,"ELEVTYP_T":0},"geometry":{"type":"LineString","coordinates":[[-74.4904184289656,39.3360267993652],[-74.4897840088488,39.3363344542821]]}},{"type":"Feature","id":162842,"properties":{"OBJECTID":162842,"PRIMENAME":"North Clarendon Avenue","ELEVTYP_F":0,"ELEVTYP_T":0},"geometry":{"type":"LineString","coordinates":[[-74.4971747111514,39.3338732238654],[-74.4965072611626,39.3331767901945],[-74.4964425573843,39.3331114819316],[-74.4964234724371,39.3330922210452],[-74.4963355468351,39.333020665763],[-74.4962559654295,39.3329620977162],[-74.4962140720209,39.3329068251221],[-74.4953564196291,39.3318410284174]]}},{"type":"Feature","id":163109,"properties":{"OBJECTID":163109,"PRIMENAME":"Edgewater Avenue","ELEVTYP_F":0,"ELEVTYP_T":0},"geometry":{"type":"LineString","coordinates":[[-74.477259602799,39.3426976145992],[-74.4767635566959,39.3429411962945],[-74.4766256289282,39.3430075045018]]}},{"type":"Feature","id":163307,"properties":{"OBJECTID":163307,"PRIMENAME":"North Plaza Place","ELEVTYP_F":0,"ELEVTYP_T":0},"geometry":{"type":"LineString","coordinates":[[-74.4650532703656,39.346532832267],[-74.4660927588132,39.3478225381352]]}},{"type":"Feature","id":163797,"properties":{"OBJECTID":163797,"PRIMENAME":"Monmouth Avenue","ELEVTYP_F":0,"ELEVTYP_T":0},"geometry":{"type":"LineString","coordinates":[[-74.4932936915461,39.3360851272622],[-74.4933227919454,39.3360677486401],[-74.4935920134245,39.3359232309514]]}},{"type":"Feature","id":163865,"properties":{"OBJECTID":163865,"PRIMENAME":"North Richards Avenue","ELEVTYP_F":0,"ELEVTYP_T":0},"geometry":{"type":"LineString","coordinates":[[-74.4859139013537,39.3364148010721],[-74.4860201947499,39.3365467713326],[-74.4867000967193,39.3373943613602],[-74.4869530218848,39.3377078927927]]}},{"type":"Feature","id":163889,"properties":{"OBJECTID":163889,"PRIMENAME":"North Lafayette Avenue","ELEVTYP_F":0,"ELEVTYP_T":0},"geometry":{"type":"LineString","coordinates":[[-74.4936950949397,39.3392934535026],[-74.4947022421563,39.3403498508814]]}},{"type":"Feature","id":164067,"properties":{"OBJECTID":164067,"PRIMENAME":"Bella Terrace","ELEVTYP_F":0,"ELEVTYP_T":0},"geometry":{"type":"LineString","coordinates":[[-74.4651864314413,39.3588894887953],[-74.4639767554733,39.3573757049647]]}},{"type":"Feature","id":164112,"properties":{"OBJECTID":164112,"PRIMENAME":"Amherst Avenue","ELEVTYP_F":0,"ELEVTYP_T":0},"geometry":{"type":"LineString","coordinates":[[-74.50643160359,39.3319607099548],[-74.5066165711502,39.3318543864065]]}},{"type":"Feature","id":164336,"properties":{"OBJECTID":164336,"PRIMENAME":"North Delavan Avenue","ELEVTYP_F":0,"ELEVTYP_T":0},"geometry":{"type":"LineString","coordinates":[[-74.5002483503268,39.3355188299707],[-74.5001607356299,39.3354492819172],[-74.4997640348876,39.3350206530822],[-74.4990207460896,39.334244471234]]}},{"type":"Feature","id":165036,"properties":{"OBJECTID":165036,"PRIMENAME":"North Fredericksburg Avenue","ELEVTYP_F":0,"ELEVTYP_T":0},"geometry":{"type":"LineString","coordinates":[[-74.4948295886064,39.3356674164076],[-74.494638225949,39.3354692576067],[-74.49456069564,39.3353752415071]]}},{"type":"Feature","id":165764,"properties":{"OBJECTID":165764,"PRIMENAME":"North Cambridge Avenue","ELEVTYP_F":0,"ELEVTYP_T":0},"geometry":{"type":"LineString","coordinates":[[-74.4827441276694,39.3424547951606],[-74.4822059715761,39.3417923187949]]}},{"type":"Feature","id":165922,"properties":{"OBJECTID":165922,"PRIMENAME":"Fulton Avenue","ELEVTYP_F":0,"ELEVTYP_T":0},"geometry":{"type":"LineString","coordinates":[[-74.4811534781469,39.3497135779483],[-74.4817830346109,39.3494098137931]]}},{"type":"Feature","id":165994,"properties":{"OBJECTID":165994,"PRIMENAME":"Wellington Avenue","ELEVTYP_F":0,"ELEVTYP_T":0},"geometry":{"type":"LineString","coordinates":[[-74.4847321615982,39.3497277757582],[-74.4854076806541,39.3493992590335]]}},{"type":"Feature","id":166427,"properties":{"OBJECTID":166427,"PRIMENAME":"South Little Rock Avenue","ELEVTYP_F":0,"ELEVTYP_T":0},"geometry":{"type":"LineString","coordinates":[[-74.4706494744235,39.341937668626],[-74.470758750435,39.342073744938],[-74.4717410241519,39.3432862053743]]}},{"type":"Feature","id":166689,"properties":{"OBJECTID":166689,"PRIMENAME":"Wellington Avenue","ELEVTYP_F":0,"ELEVTYP_T":0},"geometry":{"type":"LineString","coordinates":[[-74.4866641297968,39.3487894847594],[-74.4872927701518,39.3484850591772]]}},{"type":"Feature","id":166900,"properties":{"OBJECTID":166900,"PRIMENAME":"North Derby Avenue","ELEVTYP_F":0,"ELEVTYP_T":0},"geometry":{"type":"LineString","coordinates":[[-74.4843910753597,39.3481432815786],[-74.4835008239938,39.3470248705084],[-74.4833663445422,39.3468579967133]]}},{"type":"Feature","id":167630,"properties":{"OBJECTID":167630,"PRIMENAME":"Atlantic Avenue","ELEVTYP_F":0,"ELEVTYP_T":0},"geometry":{"type":"LineString","coordinates":[[-74.4874434995394,39.333792544704],[-74.4869678845023,39.3340255734952]]}},{"type":"Feature","id":167969,"properties":{"OBJECTID":167969,"PRIMENAME":"Fremont Avenue","ELEVTYP_F":0,"ELEVTYP_T":0},"geometry":{"type":"LineString","coordinates":[[-74.5012075254586,39.3365021636218],[-74.5014500023523,39.3363624879321],[-74.5017596568466,39.336183574907]]}},{"type":"Feature","id":168173,"properties":{"OBJECTID":168173,"PRIMENAME":"Winchester Avenue","ELEVTYP_F":0,"ELEVTYP_T":0},"geometry":{"type":"LineString","coordinates":[[-74.4971747111514,39.3338732238654],[-74.4970321879419,39.3339580076166],[-74.4966854079282,39.3341507174589]]}},{"type":"Feature","id":168219,"properties":{"OBJECTID":168219,"PRIMENAME":"North Martindale Avenue","ELEVTYP_F":0,"ELEVTYP_T":0},"geometry":{"type":"LineString","coordinates":[[-74.4940513936677,39.3356580216051],[-74.4934060313673,39.3348475158767],[-74.4932496676249,39.3346547598221]]}},{"type":"Feature","id":168929,"properties":{"OBJECTID":168929,"PRIMENAME":"North Delavan Avenue","ELEVTYP_F":0,"ELEVTYP_T":0},"geometry":{"type":"LineString","coordinates":[[-74.5054780704021,39.3408968914627],[-74.5044473455253,39.3398259275986],[-74.5040996041556,39.339457661943]]}},{"type":"Feature","id":168971,"properties":{"OBJECTID":168971,"PRIMENAME":"Calvert Avenue","ELEVTYP_F":0,"ELEVTYP_T":0},"geometry":{"type":"LineString","coordinates":[[-74.4799504135562,39.3449545654044],[-74.4793199337683,39.3452602411507]]}},{"type":"Feature","id":169025,"properties":{"OBJECTID":169025,"PRIMENAME":"Monmouth Avenue","ELEVTYP_F":0,"ELEVTYP_T":0},"geometry":{"type":"LineString","coordinates":[[-74.4789123005669,39.3436742351284],[-74.4795935527065,39.3433475652759]]}},{"type":"Feature","id":169027,"properties":{"OBJECTID":169027,"PRIMENAME":"North Washington Avenue","ELEVTYP_F":0,"ELEVTYP_T":0},"geometry":{"type":"LineString","coordinates":[[-74.4940666685759,39.3360968329464],[-74.4941645269107,39.336191843981],[-74.4946757783977,39.3367251022544]]}},{"type":"Feature","id":169680,"properties":{"OBJECTID":169680,"PRIMENAME":"Winchester Avenue","ELEVTYP_F":0,"ELEVTYP_T":0},"geometry":{"type":"LineString","coordinates":[[-74.5027577467173,39.3306596469867],[-74.5026475848883,39.3307224984579],[-74.502233769917,39.3309593222016]]}},{"type":"Feature","id":169719,"properties":{"OBJECTID":169719,"PRIMENAME":"South Barclay Avenue","ELEVTYP_F":0,"ELEVTYP_T":0},"geometry":{"type":"LineString","coordinates":[[-74.4925621787681,39.3301742510439],[-74.4931277740982,39.3308881378886],[-74.4932154072459,39.3309958560878]]}},{"type":"Feature","id":170304,"properties":{"OBJECTID":170304,"PRIMENAME":"South Colmar Circle","ELEVTYP_F":0,"ELEVTYP_T":0},"geometry":{"type":"LineString","coordinates":[[-74.5046601579244,39.3337882963381],[-74.5044055319674,39.3338952499708],[-74.504253506418,39.3339730138732],[-74.5041487155125,39.3340465745057],[-74.504011823456,39.3341637103166]]}},{"type":"Feature","id":170429,"properties":{"OBJECTID":170429,"PRIMENAME":"North Sacramento Avenue","ELEVTYP_F":0,"ELEVTYP_T":0},"geometry":{"type":"LineString","coordinates":[[-74.4811889986023,39.338706504896],[-74.4812923874489,39.3388347450821],[-74.4822292314226,39.3400013409893]]}},{"type":"Feature","id":170949,"properties":{"OBJECTID":170949,"PRIMENAME":"Winchester Avenue","ELEVTYP_F":0,"ELEVTYP_T":0},"geometry":{"type":"LineString","coordinates":[[-74.4981388819091,39.3333174618442],[-74.4980094433393,39.3333916210081],[-74.4976559500379,39.3335919392169]]}},{"type":"Feature","id":171599,"properties":{"OBJECTID":171599,"PRIMENAME":"North Martindale Avenue","ELEVTYP_F":0,"ELEVTYP_T":0},"geometry":{"type":"LineString","coordinates":[[-74.4932496676249,39.3346547598221],[-74.4923289362916,39.3335194162505],[-74.4922577048671,39.3334282545802],[-74.4921900402266,39.3333708934418]]}},{"type":"Feature","id":171783,"properties":{"OBJECTID":171783,"PRIMENAME":"North Newport Avenue","ELEVTYP_F":0,"ELEVTYP_T":0},"geometry":{"type":"LineString","coordinates":[[-74.4832897756255,39.3376883697133],[-74.4834828436606,39.3379283693883],[-74.4840975800064,39.3386937326327],[-74.4843293594004,39.3389879083343]]}},{"type":"Feature","id":171882,"properties":{"OBJECTID":171882,"PRIMENAME":"North Cornwall Avenue","ELEVTYP_F":0,"ELEVTYP_T":0},"geometry":{"type":"LineString","coordinates":[[-74.4817406462373,39.3420192866248],[-74.4807150629887,39.3407369424129]]}},{"type":"Feature","id":172206,"properties":{"OBJECTID":172206,"PRIMENAME":"North Portland Avenue","ELEVTYP_F":0,"ELEVTYP_T":0},"geometry":{"type":"LineString","coordinates":[[-74.4847567595991,39.3413312133793],[-74.4845716664339,39.3411007989585]]}},{"type":"Feature","id":172341,"properties":{"OBJECTID":172341,"PRIMENAME":"Winchester Avenue","ELEVTYP_F":0,"ELEVTYP_T":0},"geometry":{"type":"LineString","coordinates":[[-74.4669150273675,39.3472784710459],[-74.4672277282148,39.3471310272727],[-74.4674442040771,39.3470289557914]]}},{"type":"Feature","id":172384,"properties":{"OBJECTID":172384,"PRIMENAME":"South Gilmar Circle","ELEVTYP_F":0,"ELEVTYP_T":0},"geometry":{"type":"LineString","coordinates":[[-74.5065333930239,39.3357883557119],[-74.5062716204641,39.3358945724214],[-74.5061411948588,39.3359660778436],[-74.5058764550975,39.3361299539848]]}},{"type":"Feature","id":173254,"properties":{"OBJECTID":173254,"PRIMENAME":"Bayshore Drive","ELEVTYP_F":0,"ELEVTYP_T":0},"geometry":{"type":"LineString","coordinates":[[-74.5026214956657,39.3430629225554],[-74.5028571365931,39.3430205238743],[-74.5030864127847,39.3429773555911],[-74.5032392740966,39.3429368797359],[-74.5034337895209,39.342877540347],[-74.5036839231728,39.3427561464222],[-74.503761394482,39.3427113069062]]}},{"type":"Feature","id":173311,"properties":{"OBJECTID":173311,"PRIMENAME":"Atlantic Avenue","ELEVTYP_F":0,"ELEVTYP_T":0},"geometry":{"type":"LineString","coordinates":[[-74.4706494744235,39.341937668626],[-74.4702699478991,39.342121477686],[-74.4700459312872,39.3422307266419]]}},{"type":"Feature","id":173347,"properties":{"OBJECTID":173347,"PRIMENAME":"South Argyle Avenue","ELEVTYP_F":0,"ELEVTYP_T":0},"geometry":{"type":"LineString","coordinates":[[-74.4920436463439,39.3304414271242],[-74.4926940436839,39.3312485650842]]}},{"type":"Feature","id":173440,"properties":{"OBJECTID":173440,"PRIMENAME":"Marshall Avenue","ELEVTYP_F":0,"ELEVTYP_T":0},"geometry":{"type":"LineString","coordinates":[[-74.4877123560204,39.3500936876114],[-74.4870836323203,39.3503979784423]]}},{"type":"Feature","id":173530,"properties":{"OBJECTID":173530,"PRIMENAME":"North Wyoming Avenue","ELEVTYP_F":0,"ELEVTYP_T":0},"geometry":{"type":"LineString","coordinates":[[-74.4908101527423,39.337617735727],[-74.4909584202672,39.337803328363],[-74.4911028587984,39.3379836687711]]}},{"type":"Feature","id":173655,"properties":{"OBJECTID":173655,"PRIMENAME":"North Little Rock Avenue","ELEVTYP_F":0,"ELEVTYP_T":0},"geometry":{"type":"LineString","coordinates":[[-74.4774211581415,39.3479910433752],[-74.4774241890594,39.3480220426909],[-74.4774456761583,39.3480649344949],[-74.4775990916841,39.3482556515116],[-74.4783447559846,39.3491829257948],[-74.4783846661353,39.3492329867975],[-74.4784061274461,39.3492496846173]]}},{"type":"Feature","id":173880,"properties":{"OBJECTID":173880,"PRIMENAME":"Atlantic Avenue","ELEVTYP_F":0,"ELEVTYP_T":0},"geometry":{"type":"LineString","coordinates":[[-74.4790563973186,39.3378646164855],[-74.4781483034367,39.3383034842595]]}},{"type":"Feature","id":173995,"properties":{"OBJECTID":173995,"PRIMENAME":"North Derby Avenue","ELEVTYP_F":0,"ELEVTYP_T":0},"geometry":{"type":"LineString","coordinates":[[-74.4812918844703,39.3443039799087],[-74.4812499558984,39.3442644896652],[-74.4810714042028,39.3440544165925],[-74.4806521345964,39.3435176770648],[-74.4802560890369,39.3430298675418]]}},{"type":"Feature","id":174011,"properties":{"OBJECTID":174011,"PRIMENAME":"Monmouth Avenue","ELEVTYP_F":0,"ELEVTYP_T":0},"geometry":{"type":"LineString","coordinates":[[-74.4863987823686,39.3397449891817],[-74.4864304668048,39.3397293421565],[-74.4869262060386,39.3394984592864]]}},{"type":"Feature","id":174541,"properties":{"OBJECTID":174541,"PRIMENAME":"Atlantic Avenue","ELEVTYP_F":0,"ELEVTYP_T":0},"geometry":{"type":"LineString","coordinates":[[-74.4735489945615,39.3405298007487],[-74.4733207428848,39.3406403999896],[-74.4726283818105,39.3409773269565]]}},{"type":"Feature","id":175615,"properties":{"OBJECTID":175615,"PRIMENAME":"Winchester Avenue","ELEVTYP_F":0,"ELEVTYP_T":0},"geometry":{"type":"LineString","coordinates":[[-74.4706746066415,39.3455975308811],[-74.471352414423,39.3452709085111]]}},{"type":"Feature","id":175623,"properties":{"OBJECTID":175623,"PRIMENAME":"North Little Rock Avenue","ELEVTYP_F":0,"ELEVTYP_T":0},"geometry":{"type":"LineString","coordinates":[[-74.4717410241519,39.3432862053743],[-74.4720911899269,39.3437250863195],[-74.4723132315157,39.344003377715]]}},{"type":"Feature","id":175836,"properties":{"OBJECTID":175836,"PRIMENAME":"Wellington Avenue","ELEVTYP_F":0,"ELEVTYP_T":0},"geometry":{"type":"LineString","coordinates":[[-74.482798940954,39.3506609816976],[-74.4825527742278,39.3507802169623],[-74.4821674669546,39.3509684028765]]}},{"type":"Feature","id":176007,"properties":{"OBJECTID":176007,"PRIMENAME":"Marshall Avenue","ELEVTYP_F":0,"ELEVTYP_T":0},"geometry":{"type":"LineString","coordinates":[[-74.488966322489,39.3494785617974],[-74.4883387055654,39.3497864285602]]}},{"type":"Feature","id":176307,"properties":{"OBJECTID":176307,"PRIMENAME":"North Essex Avenue","ELEVTYP_F":0,"ELEVTYP_T":0},"geometry":{"type":"LineString","coordinates":[[-74.5023154591844,39.3358624017513],[-74.5026382458414,39.336196600267],[-74.5037820417497,39.3373888545886],[-74.5042001025567,39.3378487143906]]}},{"type":"Feature","id":176572,"properties":{"OBJECTID":176572,"PRIMENAME":"Marshall Avenue","ELEVTYP_F":0,"ELEVTYP_T":0},"geometry":{"type":"LineString","coordinates":[[-74.5035782194219,39.339759292024],[-74.5040996041556,39.339457661943]]}},{"type":"Feature","id":177044,"properties":{"OBJECTID":177044,"PRIMENAME":"Winchester Avenue","ELEVTYP_F":0,"ELEVTYP_T":0},"geometry":{"type":"LineString","coordinates":[[-74.4654307794683,39.3481488317543],[-74.4659573587045,39.3478850176398],[-74.4660927588132,39.3478225381352]]}},{"type":"Feature","id":177660,"properties":{"OBJECTID":177660,"PRIMENAME":"Wellington Avenue","ELEVTYP_F":0,"ELEVTYP_T":0},"geometry":{"type":"LineString","coordinates":[[-74.4872927701518,39.3484850591772],[-74.4879240215428,39.3481793134677]]}},{"type":"Feature","id":178538,"properties":{"OBJECTID":178538,"PRIMENAME":"Monmouth Avenue","ELEVTYP_F":0,"ELEVTYP_T":0},"geometry":{"type":"LineString","coordinates":[[-74.4978361747875,39.335366506928],[-74.4983287358022,39.3350849999815]]}},{"type":"Feature","id":178743,"properties":{"OBJECTID":178743,"PRIMENAME":"Montgomery Avenue","ELEVTYP_F":0,"ELEVTYP_T":0},"geometry":{"type":"LineString","coordinates":[[-74.4654463434262,39.3463468193791],[-74.4649304476738,39.3457025287595]]}},{"type":"Feature","id":179005,"properties":{"OBJECTID":179005,"PRIMENAME":"Atlantic Avenue","ELEVTYP_F":0,"ELEVTYP_T":0},"geometry":{"type":"LineString","coordinates":[[-74.467045150404,39.3436874058153],[-74.4664531773142,39.3439757254259]]}},{"type":"Feature","id":179207,"properties":{"OBJECTID":179207,"PRIMENAME":"North Surrey Avenue","ELEVTYP_F":0,"ELEVTYP_T":0},"geometry":{"type":"LineString","coordinates":[[-74.4753673235757,39.3436142321759],[-74.4761704205253,39.3446077870918],[-74.4764049083069,39.3449008266885]]}},{"type":"Feature","id":179292,"properties":{"OBJECTID":179292,"PRIMENAME":"North Granville Avenue","ELEVTYP_F":0,"ELEVTYP_T":0},"geometry":{"type":"LineString","coordinates":[[-74.5028531356743,39.332479018998],[-74.5025458171192,39.3321574787653],[-74.50170073787,39.3312643496147]]}},{"type":"Feature","id":179826,"properties":{"OBJECTID":179826,"PRIMENAME":"North Baton Rouge Avenue","ELEVTYP_F":0,"ELEVTYP_T":0},"geometry":{"type":"LineString","coordinates":[[-74.4675404005977,39.3453241899422],[-74.467647662193,39.3454569184141],[-74.4678298830855,39.3456841464816]]}},{"type":"Feature","id":179994,"properties":{"OBJECTID":179994,"PRIMENAME":"North Wyoming Avenue","ELEVTYP_F":0,"ELEVTYP_T":0},"geometry":{"type":"LineString","coordinates":[[-74.4887419922226,39.3350429528609],[-74.4889422124309,39.3352910173731],[-74.4897840088488,39.3363344542821]]}},{"type":"Feature","id":180066,"properties":{"OBJECTID":180066,"PRIMENAME":"South Hillside Avenue","ELEVTYP_F":0,"ELEVTYP_T":0},"geometry":{"type":"LineString","coordinates":[[-74.4703103547422,39.3439854218489],[-74.4702307944371,39.3438962769724],[-74.4693613493499,39.3428238919812]]}},{"type":"Feature","id":180377,"properties":{"OBJECTID":180377,"PRIMENAME":"South Andover Avenue","ELEVTYP_F":0,"ELEVTYP_T":0},"geometry":{"type":"LineString","coordinates":[[-74.4921669133552,39.3315055817422],[-74.4922293983201,39.3315832442151],[-74.4924064450249,39.3318032851484],[-74.4932575833638,39.3328543866202]]}},{"type":"Feature","id":180858,"properties":{"OBJECTID":180858,"PRIMENAME":"North Cambridge Avenue","ELEVTYP_F":0,"ELEVTYP_T":0},"geometry":{"type":"LineString","coordinates":[[-74.4872927701518,39.3484850591772],[-74.487478139174,39.348713657477],[-74.4883387055654,39.3497864285602]]}},{"type":"Feature","id":180865,"properties":{"OBJECTID":180865,"PRIMENAME":"North Oxford Avenue","ELEVTYP_F":0,"ELEVTYP_T":0},"geometry":{"type":"LineString","coordinates":[[-74.4782844464598,39.3439752936508],[-74.4779200144143,39.3435278439065],[-74.477259602799,39.3426976145992]]}},{"type":"Feature","id":180950,"properties":{"OBJECTID":180950,"PRIMENAME":"North Exeter Avenue","ELEVTYP_F":0,"ELEVTYP_T":0},"geometry":{"type":"LineString","coordinates":[[-74.497978623352,39.3305616959494],[-74.4986087977063,39.3313382124472],[-74.4986711982852,39.3314015287003],[-74.4987383005054,39.3314462017206],[-74.4988150543368,39.3315057841752],[-74.4988773843762,39.33157654104],[-74.4994480055924,39.3321761206846],[-74.4996866508054,39.3324249083836]]}},{"type":"Feature","id":181095,"properties":{"OBJECTID":181095,"PRIMENAME":"South Cornwall Avenue","ELEVTYP_F":0,"ELEVTYP_T":0},"geometry":{"type":"LineString","coordinates":[[-74.4773867486253,39.3373517945689],[-74.4775286871641,39.3375294128751]]}},{"type":"Feature","id":181176,"properties":{"OBJECTID":181176,"PRIMENAME":"North Argyle Avenue","ELEVTYP_F":0,"ELEVTYP_T":0},"geometry":{"type":"LineString","coordinates":[[-74.4964642959408,39.3361574227426],[-74.4974057478596,39.3371454271633]]}},{"type":"Feature","id":181741,"properties":{"OBJECTID":181741,"PRIMENAME":"Porter Avenue","ELEVTYP_F":0,"ELEVTYP_T":0},"geometry":{"type":"LineString","coordinates":[[-74.4636975791589,39.3532433765429],[-74.4645648198569,39.3528166360727]]}},{"type":"Feature","id":181962,"properties":{"OBJECTID":181962,"PRIMENAME":"North Douglass Avenue","ELEVTYP_F":0,"ELEVTYP_T":0},"geometry":{"type":"LineString","coordinates":[[-74.5007755874057,39.3352150174617],[-74.5008239904869,39.3352249567051],[-74.5008830006141,39.3352402223587],[-74.5016641890134,39.3360699594177],[-74.5017596568466,39.336183574907]]}},{"type":"Feature","id":181987,"properties":{"OBJECTID":181987,"PRIMENAME":"North Brunswick Drive","ELEVTYP_F":0,"ELEVTYP_T":0},"geometry":{"type":"LineString","coordinates":[[-74.4997427078473,39.3380774289676],[-74.5000258860089,39.3379176799417],[-74.5000555423043,39.3378831463576],[-74.5000704023419,39.3378658417285],[-74.5000971329515,39.3378070834676],[-74.5002284139172,39.3370662157489]]}},{"type":"Feature","id":182200,"properties":{"OBJECTID":182200,"PRIMENAME":"South Newport Avenue","ELEVTYP_F":0,"ELEVTYP_T":0},"geometry":{"type":"LineString","coordinates":[[-74.4821998216741,39.3363400491966],[-74.4824935861402,39.3366980760719],[-74.4831164316024,39.3374729458542],[-74.4832897756255,39.3376883697133]]}},{"type":"Feature","id":182386,"properties":{"OBJECTID":182386,"PRIMENAME":"Fredericksburg Avenue","ELEVTYP_F":0,"ELEVTYP_T":0},"geometry":{"type":"LineString","coordinates":[[-74.5019792092253,39.3431710327444],[-74.5021109196307,39.3431485857872],[-74.5023082379762,39.3431149601173],[-74.5025722732093,39.3430717921523],[-74.5026214956657,39.3430629225554]]}},{"type":"Feature","id":182410,"properties":{"OBJECTID":182410,"PRIMENAME":"Ventnor Gardens Plaza","ELEVTYP_F":0,"ELEVTYP_T":0},"geometry":{"type":"LineString","coordinates":[[-74.4909971693548,39.3383786888144],[-74.4913296974675,39.3382156758907]]}},{"type":"Feature","id":182614,"properties":{"OBJECTID":182614,"PRIMENAME":"Winchester Avenue","ELEVTYP_F":0,"ELEVTYP_T":0},"geometry":{"type":"LineString","coordinates":[[-74.471352414423,39.3452709085111],[-74.4715694375993,39.3451663252004]]}},{"type":"Feature","id":182629,"properties":{"OBJECTID":182629,"PRIMENAME":"North Fredericksburg Avenue","ELEVTYP_F":0,"ELEVTYP_T":0},"geometry":{"type":"LineString","coordinates":[[-74.49456069564,39.3353752415071],[-74.4944664087248,39.3352609346346],[-74.4943305766032,39.3350948442011],[-74.4938461426626,39.3345024896027],[-74.4937676242433,39.3344041625135]]}},{"type":"Feature","id":182964,"properties":{"OBJECTID":182964,"PRIMENAME":"North Lafayette Avenue","ELEVTYP_F":0,"ELEVTYP_T":0},"geometry":{"type":"LineString","coordinates":[[-74.4947022421563,39.3403498508814],[-74.4947944715063,39.3404464239709],[-74.4952288909451,39.3409013025591],[-74.4953600272121,39.3410386124285]]}},{"type":"Feature","id":183481,"properties":{"OBJECTID":183481,"PRIMENAME":"Amherst Avenue","ELEVTYP_F":0,"ELEVTYP_T":0},"geometry":{"type":"LineString","coordinates":[[-74.5048309703524,39.3328813887089],[-74.505382385311,39.3325641284578]]}},{"type":"Feature","id":183753,"properties":{"OBJECTID":183753,"PRIMENAME":"North Hanover Avenue","ELEVTYP_F":0,"ELEVTYP_T":0},"geometry":{"type":"LineString","coordinates":[[-74.505382385311,39.3325641284578],[-74.5044334572862,39.3315672096434]]}},{"type":"Feature","id":184218,"properties":{"OBJECTID":184218,"PRIMENAME":"Fulton Avenue","ELEVTYP_F":0,"ELEVTYP_T":0},"geometry":{"type":"LineString","coordinates":[[-74.4824117724471,39.3491054965976],[-74.4830424499024,39.3487988981197]]}},{"type":"Feature","id":184608,"properties":{"OBJECTID":184608,"PRIMENAME":"North Franklin Avenue","ELEVTYP_F":0,"ELEVTYP_T":0},"geometry":{"type":"LineString","coordinates":[[-74.49916885404,39.3311026656802],[-74.49909215645,39.3310101487865],[-74.4987768452282,39.3306298032121]]}},{"type":"Feature","id":185052,"properties":{"OBJECTID":185052,"PRIMENAME":"North Clermont Avenue","ELEVTYP_F":0,"ELEVTYP_T":0},"geometry":{"type":"LineString","coordinates":[[-74.4988139337944,39.3348111567865],[-74.4993198827512,39.3353387664521],[-74.4997639267457,39.3357968579868]]}},{"type":"Feature","id":185589,"properties":{"OBJECTID":185589,"PRIMENAME":"North Jasper Avenue","ELEVTYP_F":0,"ELEVTYP_T":0},"geometry":{"type":"LineString","coordinates":[[-74.5054834472924,39.3309658588153],[-74.5051474479174,39.3306133008702],[-74.5043309930568,39.3297543184637]]}},{"type":"Feature","id":185735,"properties":{"OBJECTID":185735,"PRIMENAME":"North Jackson Avenue","ELEVTYP_F":0,"ELEVTYP_T":0},"geometry":{"type":"LineString","coordinates":[[-74.4667884492682,39.3461903273668],[-74.4674442040771,39.3470289557914]]}},{"type":"Feature","id":186801,"properties":{"OBJECTID":186801,"PRIMENAME":"Monmouth Avenue","ELEVTYP_F":0,"ELEVTYP_T":0},"geometry":{"type":"LineString","coordinates":[[-74.4964642959408,39.3361574227426],[-74.4966360651822,39.3360597364147],[-74.4968763931868,39.3359203170027]]}},{"type":"Feature","id":187157,"properties":{"OBJECTID":187157,"PRIMENAME":"North Jerome Avenue","ELEVTYP_F":0,"ELEVTYP_T":0},"geometry":{"type":"LineString","coordinates":[[-74.5049417059098,39.3293988921995],[-74.5055263621377,39.3299947348238],[-74.506102685742,39.3306122115459]]}},{"type":"Feature","id":187986,"properties":{"OBJECTID":187986,"PRIMENAME":"East Gilmar Circle","ELEVTYP_F":0,"ELEVTYP_T":0},"geometry":{"type":"LineString","coordinates":[[-74.5058764550975,39.3361299539848],[-74.5055388646189,39.336106137725],[-74.5052511256628,39.3360674097842],[-74.5050631654928,39.3360376273146],[-74.5048022255799,39.3359661408148]]}},{"type":"Feature","id":188085,"properties":{"OBJECTID":188085,"PRIMENAME":"South Tallahassee Avenue","ELEVTYP_F":0,"ELEVTYP_T":0},"geometry":{"type":"LineString","coordinates":[[-74.4643901040343,39.3468441013512],[-74.4632992031869,39.3454995872948]]}},{"type":"Feature","id":188523,"properties":{"OBJECTID":188523,"PRIMENAME":"Wellington Avenue","ELEVTYP_F":0,"ELEVTYP_T":0},"geometry":{"type":"LineString","coordinates":[[-74.4815337945436,39.3512757923386],[-74.4809555056666,39.3515557027633]]}},{"type":"Feature","id":188588,"properties":{"OBJECTID":188588,"PRIMENAME":"Edgmar Circle","ELEVTYP_F":0,"ELEVTYP_T":0},"geometry":{"type":"LineString","coordinates":[[-74.5048309703524,39.3328813887089],[-74.5050590547299,39.3329689939785],[-74.5052163543802,39.3330077283364],[-74.5054081962902,39.3330434413527],[-74.5056038191136,39.3330553759868],[-74.5057189370908,39.3330613283685],[-74.5057683749852,39.3330542076965],[-74.5058224920748,39.3330464138615],[-74.5059682931805,39.3329838872861],[-74.5063135223221,39.3327901886655],[-74.5064209611896,39.3327216506624],[-74.5065206906023,39.3326382306441],[-74.5065486290357,39.3325999147543]]}},{"type":"Feature","id":188977,"properties":{"OBJECTID":188977,"PRIMENAME":"Atlantic Avenue","ELEVTYP_F":0,"ELEVTYP_T":0},"geometry":{"type":"LineString","coordinates":[[-74.4691375813693,39.3426733674741],[-74.4685527357653,39.3429565930001]]}},{"type":"Feature","id":189340,"properties":{"OBJECTID":189340,"PRIMENAME":"North Essex Avenue","ELEVTYP_F":0,"ELEVTYP_T":0},"geometry":{"type":"LineString","coordinates":[[-74.5013629598979,39.3348762223651],[-74.5023154591844,39.3358624017513]]}},{"type":"Feature","id":190749,"properties":{"OBJECTID":190749,"PRIMENAME":"Winchester Avenue","ELEVTYP_F":0,"ELEVTYP_T":0},"geometry":{"type":"LineString","coordinates":[[-74.502233769917,39.3309593222016],[-74.50170073787,39.3312643496147]]}},{"type":"Feature","id":190754,"properties":{"OBJECTID":190754,"PRIMENAME":"North Raleigh Avenue","ELEVTYP_F":0,"ELEVTYP_T":0},"geometry":{"type":"LineString","coordinates":[[-74.4682682401947,39.3573888150432],[-74.4674925992443,39.3564515025849]]}},{"type":"Feature","id":191017,"properties":{"OBJECTID":191017,"PRIMENAME":"North Newport Avenue","ELEVTYP_F":0,"ELEVTYP_T":0},"geometry":{"type":"LineString","coordinates":[[-74.4853565419534,39.3402607213189],[-74.4853882146865,39.340303531021],[-74.4856212437806,39.3405919939742]]}},{"type":"Feature","id":192265,"properties":{"OBJECTID":192265,"PRIMENAME":"Winchester Avenue","ELEVTYP_F":0,"ELEVTYP_T":0},"geometry":{"type":"LineString","coordinates":[[-74.4832832634274,39.3394946989031],[-74.4830833566942,39.3395917019867],[-74.4827597501035,39.3397468960981]]}},{"type":"Feature","id":192924,"properties":{"OBJECTID":192924,"PRIMENAME":"North Clermont Avenue","ELEVTYP_F":0,"ELEVTYP_T":0},"geometry":{"type":"LineString","coordinates":[[-74.4985380223122,39.3345234274665],[-74.4988139337944,39.3348111567865]]}},{"type":"Feature","id":193525,"properties":{"OBJECTID":193525,"PRIMENAME":"Atlantic Avenue","ELEVTYP_F":0,"ELEVTYP_T":0},"geometry":{"type":"LineString","coordinates":[[-74.4654129142658,39.344479899193],[-74.4650272191925,39.3446645540201]]}},{"type":"Feature","id":193873,"properties":{"OBJECTID":193873,"PRIMENAME":"North Drive","ELEVTYP_F":0,"ELEVTYP_T":0},"geometry":{"type":"LineString","coordinates":[[-74.4674925992443,39.3564515025849],[-74.4669907648751,39.3566934477866],[-74.4669590601017,39.356726798495],[-74.4669477247027,39.3567636699421],[-74.4669499686835,39.3568058167858],[-74.4669793716471,39.3568532149535],[-74.4670562189536,39.3569428006826],[-74.4671895832277,39.3571078811877],[-74.4672076769272,39.3571394885082],[-74.4672144868752,39.357174607609],[-74.4672099063031,39.3572132384619],[-74.4671964855111,39.3572482419632],[-74.4671182282578,39.357298904863],[-74.4667133883338,39.3574913163259]]}},{"type":"Feature","id":194069,"properties":{"OBJECTID":194069,"PRIMENAME":"Amherst Avenue","ELEVTYP_F":0,"ELEVTYP_T":0},"geometry":{"type":"LineString","coordinates":[[-74.505382385311,39.3325641284578],[-74.5059086941853,39.3322612807802]]}},{"type":"Feature","id":194278,"properties":{"OBJECTID":194278,"PRIMENAME":"Canterbury Court","ELEVTYP_F":0,"ELEVTYP_T":0},"geometry":{"type":"LineString","coordinates":[[-74.4923839834602,39.3416798127717],[-74.4930532106642,39.341268194976],[-74.4931587666679,39.3411922825384],[-74.4932605037226,39.3411133232347],[-74.493370229184,39.3410314834972],[-74.4934599809565,39.34096454558]]}},{"type":"Feature","id":194693,"properties":{"OBJECTID":194693,"PRIMENAME":"North Frontenac Avenue","ELEVTYP_F":0,"ELEVTYP_T":0},"geometry":{"type":"LineString","coordinates":[[-74.4990235615094,39.3300524664287],[-74.4992466421065,39.3303327204341],[-74.4995630946947,39.3307200289547],[-74.499577484427,39.3307535266869],[-74.4995743282391,39.3307621096337]]}},{"type":"Feature","id":194832,"properties":{"OBJECTID":194832,"PRIMENAME":"Frankford Avenue","ELEVTYP_F":0,"ELEVTYP_T":0},"geometry":{"type":"LineString","coordinates":[[-74.4674442040771,39.3470289557914],[-74.4674524391758,39.3470387598266],[-74.4674695128894,39.3470529055417],[-74.4674865159763,39.3470642497101],[-74.4674927557825,39.3470660656876]]}},{"type":"Feature","id":195021,"properties":{"OBJECTID":195021,"PRIMENAME":"North Delavan Avenue","ELEVTYP_F":0,"ELEVTYP_T":0},"geometry":{"type":"LineString","coordinates":[[-74.5040996041556,39.339457661943],[-74.5034640323267,39.3387845230947],[-74.5032052675002,39.3385199842448],[-74.5031538554502,39.3384949169237],[-74.5031183189531,39.3384765223783]]}},{"type":"Feature","id":195322,"properties":{"OBJECTID":195322,"PRIMENAME":"Edgewater Avenue","ELEVTYP_F":0,"ELEVTYP_T":0},"geometry":{"type":"LineString","coordinates":[[-74.477894736273,39.3423899734776],[-74.4773575308773,39.3426495023812],[-74.477259602799,39.3426976145992]]}},{"type":"Feature","id":196073,"properties":{"OBJECTID":196073,"PRIMENAME":"Wellington Avenue","ELEVTYP_F":0,"ELEVTYP_T":0},"geometry":{"type":"LineString","coordinates":[[-74.5026119642848,39.3387701575666],[-74.5021888391279,39.3390201058766]]}},{"type":"Feature","id":196525,"properties":{"OBJECTID":196525,"PRIMENAME":"North Clermont Avenue","ELEVTYP_F":0,"ELEVTYP_T":0},"geometry":{"type":"LineString","coordinates":[[-74.5045258659415,39.3407440527773],[-74.5049934217308,39.3412255990959]]}},{"type":"Feature","id":197191,"properties":{"OBJECTID":197191,"PRIMENAME":"North Sacramento Avenue","ELEVTYP_F":0,"ELEVTYP_T":0},"geometry":{"type":"LineString","coordinates":[[-74.4832603494727,39.3412816685113],[-74.4833593272347,39.3414044418414],[-74.483874122703,39.342049117738]]}},{"type":"Feature","id":197916,"properties":{"OBJECTID":197916,"PRIMENAME":"North Delavan Avenue","ELEVTYP_F":0,"ELEVTYP_T":0},"geometry":{"type":"LineString","coordinates":[[-74.5031183189531,39.3384765223783],[-74.5031125916762,39.3384735291299],[-74.5030414127237,39.3384262230131],[-74.5020409218071,39.3373881568075],[-74.5012075254586,39.3365021636218]]}},{"type":"Feature","id":198076,"properties":{"OBJECTID":198076,"PRIMENAME":"North Vassar Square","ELEVTYP_F":0,"ELEVTYP_T":0},"geometry":{"type":"LineString","coordinates":[[-74.4680384471625,39.3468504588866],[-74.467929518804,39.3467206958193],[-74.4673036142097,39.3459399799579]]}},{"type":"Feature","id":198334,"properties":{"OBJECTID":198334,"PRIMENAME":"North Somerset Avenue","ELEVTYP_F":0,"ELEVTYP_T":0},"geometry":{"type":"LineString","coordinates":[[-74.4753118016975,39.3427248123777],[-74.4750645647387,39.3424181213323]]}},{"type":"Feature","id":199670,"properties":{"OBJECTID":199670,"PRIMENAME":"Winchester Avenue","ELEVTYP_F":0,"ELEVTYP_T":0},"geometry":{"type":"LineString","coordinates":[[-74.4664331732552,39.3475771458219],[-74.4665028394168,39.3475020436064],[-74.4666027018747,39.3474316180221],[-74.4669150273675,39.3472784710459]]}},{"type":"Feature","id":199679,"properties":{"OBJECTID":199679,"PRIMENAME":"South Frankfort Avenue","ELEVTYP_F":0,"ELEVTYP_T":0},"geometry":{"type":"LineString","coordinates":[[-74.4687857016811,39.3414279949736],[-74.4696052503246,39.342445598503]]}},{"type":"Feature","id":200034,"properties":{"OBJECTID":200034,"PRIMENAME":"South Victoria Avenue","ELEVTYP_F":0,"ELEVTYP_T":0},"geometry":{"type":"LineString","coordinates":[[-74.4721406768451,39.3430930063056],[-74.4711567050578,39.3418723657997],[-74.4711192531819,39.3417998429074],[-74.471111741001,39.3417532194908],[-74.4711216595116,39.3417089344043]]}},{"type":"Feature","id":200152,"properties":{"OBJECTID":200152,"PRIMENAME":"North Melbourne Avenue","ELEVTYP_F":0,"ELEVTYP_T":0},"geometry":{"type":"LineString","coordinates":[[-74.4920794275936,39.3370002422406],[-74.491988005273,39.3368876081994],[-74.4910518539856,39.3357195804943]]}},{"type":"Feature","id":200284,"properties":{"OBJECTID":200284,"PRIMENAME":"West Drive","ELEVTYP_F":0,"ELEVTYP_T":0},"geometry":{"type":"LineString","coordinates":[[-74.4946156714746,39.3331177958695],[-74.49464002932,39.3331493452974],[-74.4947137064001,39.3331946523971],[-74.4948149601918,39.3332589876717],[-74.4948978300085,39.3333066840214],[-74.4949868160419,39.3333757974246],[-74.4950635316686,39.3334520482883],[-74.4951494746475,39.3335497983082],[-74.4952108472925,39.3336332144065],[-74.4952446080127,39.3336856584676],[-74.4952844842099,39.3337714626035],[-74.4953274700656,39.3338620177413],[-74.495367344264,39.3339811816824],[-74.4953888363091,39.3340503190903],[-74.4954256381918,39.3341122902217],[-74.4954500321467,39.3341345592929]]}},{"type":"Feature","id":200926,"properties":{"OBJECTID":200926,"PRIMENAME":"North Tallahassee Avenue","ELEVTYP_F":0,"ELEVTYP_T":0},"geometry":{"type":"LineString","coordinates":[[-74.4654307794683,39.3481488317543],[-74.4643901040343,39.3468441013512]]}},{"type":"Feature","id":201053,"properties":{"OBJECTID":201053,"PRIMENAME":"South Weymouth Avenue","ELEVTYP_F":0,"ELEVTYP_T":0},"geometry":{"type":"LineString","coordinates":[[-74.4700459312872,39.3422307266419],[-74.4700432309114,39.3421782554227],[-74.4700365305414,39.3421338283296],[-74.4700197512448,39.3420946981201],[-74.4699088534188,39.341951043061],[-74.4693207109244,39.341222460074]]}},{"type":"Feature","id":201346,"properties":{"OBJECTID":201346,"PRIMENAME":"Monmouth Avenue","ELEVTYP_F":0,"ELEVTYP_T":0},"geometry":{"type":"LineString","coordinates":[[-74.4874576220584,39.339247370208],[-74.4879802314967,39.338991198099]]}},{"type":"Feature","id":201684,"properties":{"OBJECTID":201684,"PRIMENAME":"South Troy Avenue","ELEVTYP_F":0,"ELEVTYP_T":0},"geometry":{"type":"LineString","coordinates":[[-74.4853821460512,39.3366726374819],[-74.4853620347088,39.3366399894794],[-74.48527680729,39.3365291525661],[-74.4852586777546,39.3365055750854],[-74.4848271504598,39.3359805715327],[-74.4843018219227,39.3353207965213]]}},{"type":"Feature","id":201754,"properties":{"OBJECTID":201754,"PRIMENAME":"North Clermont Avenue","ELEVTYP_F":0,"ELEVTYP_T":0},"geometry":{"type":"LineString","coordinates":[[-74.4997639267457,39.3357968579868],[-74.5001866195571,39.3362328724947],[-74.5007103701053,39.336788569622]]}},{"type":"Feature","id":201907,"properties":{"OBJECTID":201907,"PRIMENAME":"Wellington Avenue","ELEVTYP_F":0,"ELEVTYP_T":0},"geometry":{"type":"LineString","coordinates":[[-74.5036592839335,39.3381625651482],[-74.5031183189531,39.3384765223783]]}},{"type":"Feature","id":201977,"properties":{"OBJECTID":201977,"PRIMENAME":"Winchester Avenue","ELEVTYP_F":0,"ELEVTYP_T":0},"geometry":{"type":"LineString","coordinates":[[-74.4759819629317,39.3419700267092],[-74.4769025668808,39.3415203337199]]}},{"type":"Feature","id":202669,"properties":{"OBJECTID":202669,"PRIMENAME":"Balfour Avenue","ELEVTYP_F":0,"ELEVTYP_T":0},"geometry":{"type":"LineString","coordinates":[[-74.4829649756362,39.3452751365298],[-74.4823362743055,39.3455803352145]]}},{"type":"Feature","id":203330,"properties":{"OBJECTID":203330,"PRIMENAME":"South Newton Avenue","ELEVTYP_F":0,"ELEVTYP_T":0},"geometry":{"type":"LineString","coordinates":[[-74.4650272191925,39.3446645540201],[-74.4642372519482,39.3437006323661]]}},{"type":"Feature","id":203334,"properties":{"OBJECTID":203334,"PRIMENAME":"North Wissahickon Avenue","ELEVTYP_F":0,"ELEVTYP_T":0},"geometry":{"type":"LineString","coordinates":[[-74.4869338023037,39.3359199284376],[-74.487030206429,39.3359966533916],[-74.4870856826074,39.3360653222615],[-74.4876612623334,39.3367777866416],[-74.487999525908,39.3371973082301]]}},{"type":"Feature","id":203592,"properties":{"OBJECTID":203592,"PRIMENAME":"North Clarendon Avenue","ELEVTYP_F":0,"ELEVTYP_T":0},"geometry":{"type":"LineString","coordinates":[[-74.5002284139172,39.3370662157489],[-74.4992701287666,39.3360782340406]]}},{"type":"Feature","id":203741,"properties":{"OBJECTID":203741,"PRIMENAME":"Unnamed Segment","ELEVTYP_F":0,"ELEVTYP_T":0},"geometry":{"type":"LineString","coordinates":[[-74.4944559734634,39.3358777103425],[-74.4950452799242,39.3365230688291]]}},{"type":"Feature","id":204342,"properties":{"OBJECTID":204342,"PRIMENAME":"Marshall Avenue","ELEVTYP_F":0,"ELEVTYP_T":0},"geometry":{"type":"LineString","coordinates":[[-74.5046191805903,39.3391570997484],[-74.5056705905061,39.3385488288148]]}},{"type":"Feature","id":204490,"properties":{"OBJECTID":204490,"PRIMENAME":"North Dudley Avenue","ELEVTYP_F":0,"ELEVTYP_T":0},"geometry":{"type":"LineString","coordinates":[[-74.4809826574953,39.3462366687909],[-74.4810808599793,39.3463587024592],[-74.4820120403801,39.3475165940467]]}},{"type":"Feature","id":205374,"properties":{"OBJECTID":205374,"PRIMENAME":"North Essex Avenue","ELEVTYP_F":0,"ELEVTYP_T":0},"geometry":{"type":"LineString","coordinates":[[-74.498463509395,39.3321016767081],[-74.4982683545309,39.3318968180434],[-74.4981670036195,39.3317743715361],[-74.4978799592593,39.3314275739461],[-74.4974061928456,39.3308417991172]]}},{"type":"Feature","id":205435,"properties":{"OBJECTID":205435,"PRIMENAME":"Monmouth Avenue","ELEVTYP_F":0,"ELEVTYP_T":0},"geometry":{"type":"LineString","coordinates":[[-74.4782844464598,39.3439752936508],[-74.4789123005669,39.3436742351284]]}},{"type":"Feature","id":205562,"properties":{"OBJECTID":205562,"PRIMENAME":"Ocean Avenue","ELEVTYP_F":0,"ELEVTYP_T":0},"geometry":{"type":"LineString","coordinates":[[-74.4803743766936,39.337696178786],[-74.4798556395284,39.3379496267428]]}},{"type":"Feature","id":206057,"properties":{"OBJECTID":206057,"PRIMENAME":"North Rosborough Avenue","ELEVTYP_F":0,"ELEVTYP_T":0},"geometry":{"type":"LineString","coordinates":[[-74.4881080679085,39.3353500222229],[-74.4882092029067,39.3354756203292],[-74.4891459750873,39.3366449339418]]}},{"type":"Feature","id":207519,"properties":{"OBJECTID":207519,"PRIMENAME":"North Montgomery Avenue","ELEVTYP_F":0,"ELEVTYP_T":0},"geometry":{"type":"LineString","coordinates":[[-74.4664331732552,39.3475771458219],[-74.4654463434262,39.3463468193791]]}},{"type":"Feature","id":207954,"properties":{"OBJECTID":207954,"PRIMENAME":"Atlantic Avenue","ELEVTYP_F":0,"ELEVTYP_T":0},"geometry":{"type":"LineString","coordinates":[[-74.484828090622,39.3350654622275],[-74.4843018219227,39.3353207965213]]}},{"type":"Feature","id":209110,"properties":{"OBJECTID":209110,"PRIMENAME":"North Washington Avenue","ELEVTYP_F":0,"ELEVTYP_T":0},"geometry":{"type":"LineString","coordinates":[[-74.4916818437297,39.3336172560528],[-74.4923749362883,39.3344763735456],[-74.4927249187271,39.3349086486663]]}},{"type":"Feature","id":209531,"properties":{"OBJECTID":209531,"PRIMENAME":"Jackson Avenue","ELEVTYP_F":0,"ELEVTYP_T":0},"geometry":{"type":"LineString","coordinates":[[-74.4645948021733,39.343473050567],[-74.4654129142658,39.344479899193]]}},{"type":"Feature","id":210480,"properties":{"OBJECTID":210480,"PRIMENAME":"Monmouth Avenue","ELEVTYP_F":0,"ELEVTYP_T":0},"geometry":{"type":"LineString","coordinates":[[-74.5022473707583,39.3328291345324],[-74.5025458352335,39.3326565072044],[-74.5028531356743,39.332479018998]]}},{"type":"Feature","id":210863,"properties":{"OBJECTID":210863,"PRIMENAME":"Atlantic Avenue","ELEVTYP_F":0,"ELEVTYP_T":0},"geometry":{"type":"LineString","coordinates":[[-74.49374405062,39.3307381753441],[-74.4933676504656,39.3309220602478],[-74.4932154072459,39.3309958560878]]}},{"type":"Feature","id":211471,"properties":{"OBJECTID":211471,"PRIMENAME":"Balfour Avenue","ELEVTYP_F":0,"ELEVTYP_T":0},"geometry":{"type":"LineString","coordinates":[[-74.4919426390914,39.3402954375706],[-74.4920838375865,39.3402139002779]]}},{"type":"Feature","id":212092,"properties":{"OBJECTID":212092,"PRIMENAME":"Winchester Avenue","ELEVTYP_F":0,"ELEVTYP_T":0},"geometry":{"type":"LineString","coordinates":[[-74.4910518539856,39.3357195804943],[-74.490825520191,39.3358294179847],[-74.4904184289656,39.3360267993652]]}},{"type":"Feature","id":213492,"properties":{"OBJECTID":213492,"PRIMENAME":"Fremont Avenue","ELEVTYP_F":0,"ELEVTYP_T":0},"geometry":{"type":"LineString","coordinates":[[-74.4813848342584,39.3478233794375],[-74.4820120403801,39.3475165940467]]}},{"type":"Feature","id":213563,"properties":{"OBJECTID":213563,"PRIMENAME":"North Dudley Avenue","ELEVTYP_F":0,"ELEVTYP_T":0},"geometry":{"type":"LineString","coordinates":[[-74.4845555124731,39.3506785190812],[-74.4851010852002,39.3513607330055]]}},{"type":"Feature","id":213619,"properties":{"OBJECTID":213619,"PRIMENAME":"North Argyle Avenue","ELEVTYP_F":0,"ELEVTYP_T":0},"geometry":{"type":"LineString","coordinates":[[-74.4952978756133,39.3349559800161],[-74.4964642959408,39.3361574227426]]}},{"type":"Feature","id":214100,"properties":{"OBJECTID":214100,"PRIMENAME":"North Rosborough Avenue","ELEVTYP_F":0,"ELEVTYP_T":0},"geometry":{"type":"LineString","coordinates":[[-74.4891459750873,39.3366449339418],[-74.489244921691,39.3367684716571],[-74.4901827209065,39.3379244870656]]}},{"type":"Feature","id":214255,"properties":{"OBJECTID":214255,"PRIMENAME":"North Brunswick Avenue","ELEVTYP_F":0,"ELEVTYP_T":0},"geometry":{"type":"LineString","coordinates":[[-74.4966854079282,39.3341507174589],[-74.4972474755868,39.3347431143843],[-74.4978361747875,39.335366506928]]}},{"type":"Feature","id":214351,"properties":{"OBJECTID":214351,"PRIMENAME":"North Brunswick Drive","ELEVTYP_F":0,"ELEVTYP_T":0},"geometry":{"type":"LineString","coordinates":[[-74.4981842830361,39.3359109546449],[-74.4991669824643,39.3369396370366]]}},{"type":"Feature","id":214454,"properties":{"OBJECTID":214454,"PRIMENAME":"Wellington Avenue","ELEVTYP_F":0,"ELEVTYP_T":0},"geometry":{"type":"LineString","coordinates":[[-74.4809555056666,39.3515557027633],[-74.4808956956683,39.3515843306456],[-74.4804571473205,39.351798969749]]}},{"type":"Feature","id":215216,"properties":{"OBJECTID":215216,"PRIMENAME":"South Baton Rouge Avenue","ELEVTYP_F":0,"ELEVTYP_T":0},"geometry":{"type":"LineString","coordinates":[[-74.4664531773142,39.3439757254259],[-74.4665823101617,39.3441381141457],[-74.4675404005977,39.3453241899422]]}},{"type":"Feature","id":215598,"properties":{"OBJECTID":215598,"PRIMENAME":"North Barclay Avenue","ELEVTYP_F":0,"ELEVTYP_T":0},"geometry":{"type":"LineString","coordinates":[[-74.4962276383082,39.3344070408859],[-74.4962352733026,39.3344499838225],[-74.4962507575281,39.3344779356698],[-74.4970817457761,39.3353445709786]]}},{"type":"Feature","id":215801,"properties":{"OBJECTID":215801,"PRIMENAME":"Wellington Avenue","ELEVTYP_F":0,"ELEVTYP_T":0},"geometry":{"type":"LineString","coordinates":[[-74.4804571473205,39.351798969749],[-74.4801719958142,39.3519385120946],[-74.4790988205972,39.3523724431429],[-74.4780913840003,39.352780814345],[-74.4775239408366,39.3530137324026],[-74.477256781205,39.3531222390179],[-74.4769976312914,39.3532274901701],[-74.4766604450476,39.3533646795814],[-74.4764584614722,39.3534442957967],[-74.4761505434713,39.3535656696036],[-74.4760375364593,39.3536169079278],[-74.4758338634737,39.3537092574684],[-74.4755830404973,39.3538336665303],[-74.4753137286026,39.3539640660239],[-74.4745550529562,39.3543314027485],[-74.4744600339508,39.3543767485604],[-74.4737243285114,39.3547278585806],[-74.4736750791956,39.354752024306]]}},{"type":"Feature","id":216117,"properties":{"OBJECTID":216117,"PRIMENAME":"North Barclay Avenue","ELEVTYP_F":0,"ELEVTYP_T":0},"geometry":{"type":"LineString","coordinates":[[-74.4970817457761,39.3353445709786],[-74.4972889876958,39.3355606982677],[-74.4973918377598,39.3356212154657]]}},{"type":"Feature","id":216286,"properties":{"OBJECTID":216286,"PRIMENAME":"North Suffolk Avenue","ELEVTYP_F":0,"ELEVTYP_T":0},"geometry":{"type":"LineString","coordinates":[[-74.4741435137587,39.3428647530654],[-74.4743957305554,39.3431821821193]]}},{"type":"Feature","id":216494,"properties":{"OBJECTID":216494,"PRIMENAME":"Wissahickon Avenue","ELEVTYP_F":0,"ELEVTYP_T":0},"geometry":{"type":"LineString","coordinates":[[-74.4852113611367,39.3337396335995],[-74.4857925631119,39.3344596119955],[-74.4858507372169,39.334568979662]]}},{"type":"Feature","id":216974,"properties":{"OBJECTID":216974,"PRIMENAME":"Fremont Avenue","ELEVTYP_F":0,"ELEVTYP_T":0},"geometry":{"type":"LineString","coordinates":[[-74.5023154591844,39.3358624017513],[-74.5028217234033,39.3355698928242]]}},{"type":"Feature","id":217396,"properties":{"OBJECTID":217396,"PRIMENAME":"Winchester Avenue","ELEVTYP_F":0,"ELEVTYP_T":0},"geometry":{"type":"LineString","coordinates":[[-74.4660927588132,39.3478225381352],[-74.4662828406312,39.3477346218933],[-74.4663880699986,39.3476850653514],[-74.4664407077263,39.3476471626765],[-74.466448220265,39.3476150680237],[-74.4664331732552,39.3475771458219]]}},{"type":"Feature","id":217880,"properties":{"OBJECTID":217880,"PRIMENAME":"Marion Avenue","ELEVTYP_F":0,"ELEVTYP_T":0},"geometry":{"type":"LineString","coordinates":[[-74.4681620568341,39.3451878480856],[-74.4681353700145,39.3451489599357],[-74.4681219473243,39.3451176287214],[-74.4681253213874,39.3450836924537],[-74.4681358810862,39.3450352073365]]}},{"type":"Feature","id":218463,"properties":{"OBJECTID":218463,"PRIMENAME":"North Belmont Drive","ELEVTYP_F":0,"ELEVTYP_T":0},"geometry":{"type":"LineString","coordinates":[[-74.4985681227427,39.3381638543896],[-74.4987263704893,39.3381803248907],[-74.4993360847608,39.3382529255796],[-74.4994072962686,39.3382494398158],[-74.499411907449,39.3382476481218]]}},{"type":"Feature","id":218682,"properties":{"OBJECTID":218682,"PRIMENAME":"North Haverford Avenue","ELEVTYP_F":0,"ELEVTYP_T":0},"geometry":{"type":"LineString","coordinates":[[-74.5005927434169,39.3292930941262],[-74.5006294043458,39.3293120939121],[-74.5006767793276,39.3293403747161],[-74.5007161278932,39.3293704391631],[-74.5010784026942,39.3297591990527],[-74.5021477497166,39.3308689631461],[-74.502233769917,39.3309593222016]]}},{"type":"Feature","id":218686,"properties":{"OBJECTID":218686,"PRIMENAME":"North Douglass Avenue","ELEVTYP_F":0,"ELEVTYP_T":0},"geometry":{"type":"LineString","coordinates":[[-74.5017596568466,39.336183574907],[-74.5018123402069,39.3362462580999],[-74.5027783019615,39.3372575569365],[-74.5035674904603,39.3380812957392],[-74.5036592839335,39.3381625651482]]}},{"type":"Feature","id":218746,"properties":{"OBJECTID":218746,"PRIMENAME":"North Harvard Avenue","ELEVTYP_F":0,"ELEVTYP_T":0},"geometry":{"type":"LineString","coordinates":[[-74.488966322489,39.3494785617974],[-74.488822456284,39.3492986236136],[-74.4879240215428,39.3481793134677]]}},{"type":"Feature","id":218959,"properties":{"OBJECTID":218959,"PRIMENAME":"North Derby Avenue","ELEVTYP_F":0,"ELEVTYP_T":0},"geometry":{"type":"LineString","coordinates":[[-74.4802560890369,39.3430298675418],[-74.4801423034572,39.3428897088085],[-74.4798672622471,39.3425431559698],[-74.4797331190206,39.3423763878066],[-74.4796660292564,39.3422904088718],[-74.4795989760297,39.3422070107313],[-74.4795452809372,39.3421496988252],[-74.4795050517569,39.3421105928842],[-74.4794580688802,39.3420741224156],[-74.4794111545313,39.342045449373],[-74.4793574512853,39.342016802132],[-74.4792802695297,39.3419855149121],[-74.4791964013981,39.3419646605574],[-74.4791091709458,39.3419568195772],[-74.4790085382265,39.3419515848687],[-74.4789078648561,39.3419619998816],[-74.4788407486056,39.3419723938875],[-74.47877027109,39.3419880317722],[-74.4787099057522,39.342008860144],[-74.4786626279752,39.3420281676101],[-74.478583830849,39.3420603463771]]}},{"type":"Feature","id":218995,"properties":{"OBJECTID":218995,"PRIMENAME":"South Marion Avenue","ELEVTYP_F":0,"ELEVTYP_T":0},"geometry":{"type":"LineString","coordinates":[[-74.467045150404,39.3436874058153],[-74.4669759624189,39.3436604230951],[-74.4669322642648,39.3436421242011],[-74.4668986478053,39.3436186124552],[-74.4668280713335,39.3435350411275],[-74.4661593433318,39.3426967562782]]}},{"type":"Feature","id":219324,"properties":{"OBJECTID":219324,"PRIMENAME":"Ventnor Gardens Plaza","ELEVTYP_F":0,"ELEVTYP_T":0},"geometry":{"type":"LineString","coordinates":[[-74.4925758530417,39.3376120406476],[-74.4927567874105,39.337525178519],[-74.492965302438,39.3374239858389],[-74.493063037312,39.3373632840972],[-74.4931217011824,39.3373025808722],[-74.4931640651974,39.3372443746164],[-74.4931998908837,39.3371659600189],[-74.4932227028708,39.3370925964135],[-74.4932259624079,39.3370217584481],[-74.4932162104176,39.3369585243904],[-74.4931934098165,39.3369028410871],[-74.4931641033711,39.3368522632069],[-74.4931184992977,39.3367839482433],[-74.4930598849113,39.3367004483766],[-74.493017533717,39.3366321605899],[-74.49299473287,39.3365815839555],[-74.4929877292718,39.3365526782348],[-74.4929571639663,39.3364265327912]]}},{"type":"Feature","id":219952,"properties":{"OBJECTID":219952,"PRIMENAME":"Amherst Avenue","ELEVTYP_F":0,"ELEVTYP_T":0},"geometry":{"type":"LineString","coordinates":[[-74.5012065791167,39.3349664748091],[-74.5013629598979,39.3348762223651]]}},{"type":"Feature","id":220062,"properties":{"OBJECTID":220062,"PRIMENAME":"Exeter Court","ELEVTYP_F":0,"ELEVTYP_T":0},"geometry":{"type":"LineString","coordinates":[[-74.5056705905061,39.3385488288148],[-74.5061397305005,39.3390233145657],[-74.5061780284757,39.3390753155707],[-74.5061780323998,39.3391198778872],[-74.506139742529,39.3391607633102],[-74.5060536487697,39.3392127708526],[-74.505795331379,39.3393762347121],[-74.5056135602832,39.3394765158125]]}},{"type":"Feature","id":221187,"properties":{"OBJECTID":221187,"PRIMENAME":"Atlantic Avenue","ELEVTYP_F":0,"ELEVTYP_T":0},"geometry":{"type":"LineString","coordinates":[[-74.4921669133552,39.3315055817422],[-74.4917087251623,39.3317275934934],[-74.491645259207,39.3317583130236]]}},{"type":"Feature","id":221360,"properties":{"OBJECTID":221360,"PRIMENAME":"West End Avenue","ELEVTYP_F":0,"ELEVTYP_T":0},"geometry":{"type":"LineString","coordinates":[[-74.4664853240224,39.3582568276976],[-74.4660515725922,39.3584669384201]]}},{"type":"Feature","id":222051,"properties":{"OBJECTID":222051,"PRIMENAME":"Winchester Avenue","ELEVTYP_F":0,"ELEVTYP_T":0},"geometry":{"type":"LineString","coordinates":[[-74.4962276383082,39.3344070408859],[-74.4960978419868,39.3344799349577],[-74.4957203291053,39.3347072366221]]}},{"type":"Feature","id":222107,"properties":{"OBJECTID":222107,"PRIMENAME":"Winchester Avenue","ELEVTYP_F":0,"ELEVTYP_T":0},"geometry":{"type":"LineString","coordinates":[[-74.4696310715509,39.3461036213783],[-74.4701450954134,39.3458539799376]]}},{"type":"Feature","id":222344,"properties":{"OBJECTID":222344,"PRIMENAME":"North Douglass Avenue","ELEVTYP_F":0,"ELEVTYP_T":0},"geometry":{"type":"LineString","coordinates":[[-74.498622588383,39.3330404836063],[-74.4994190707756,39.3338753987908],[-74.4995041364963,39.3339651283414]]}},{"type":"Feature","id":222388,"properties":{"OBJECTID":222388,"PRIMENAME":"Winchester Avenue","ELEVTYP_F":0,"ELEVTYP_T":0},"geometry":{"type":"LineString","coordinates":[[-74.4827597501035,39.3397468960981],[-74.4822292314226,39.3400013409893]]}},{"type":"Feature","id":222794,"properties":{"OBJECTID":222794,"PRIMENAME":"Atlantic Avenue","ELEVTYP_F":0,"ELEVTYP_T":0},"geometry":{"type":"LineString","coordinates":[[-74.4869678845023,39.3340255734952],[-74.4867443070964,39.3341351016179],[-74.4864004017329,39.3343020818253]]}},{"type":"Feature","id":224754,"properties":{"OBJECTID":224754,"PRIMENAME":"South Portland Avenue","ELEVTYP_F":0,"ELEVTYP_T":0},"geometry":{"type":"LineString","coordinates":[[-74.482239376761,39.338197400628],[-74.4817906518276,39.3376350428388],[-74.4817728917256,39.3376127827672]]}},{"type":"Feature","id":226080,"properties":{"OBJECTID":226080,"PRIMENAME":"Newport Court","ELEVTYP_F":0,"ELEVTYP_T":0},"geometry":{"type":"LineString","coordinates":[[-74.484785857119,39.3395538820946],[-74.4842709074067,39.3397971637508]]}},{"type":"Feature","id":226221,"properties":{"OBJECTID":226221,"PRIMENAME":"South Dudley Avenue","ELEVTYP_F":0,"ELEVTYP_T":0},"geometry":{"type":"LineString","coordinates":[[-74.4764702936991,39.3409928285643],[-74.4763109587506,39.3407983468246],[-74.4753804215047,39.3396420290011]]}},{"type":"Feature","id":226834,"properties":{"OBJECTID":226834,"PRIMENAME":"North Wyoming Avenue","ELEVTYP_F":0,"ELEVTYP_T":0},"geometry":{"type":"LineString","coordinates":[[-74.4919031482493,39.3384105783664],[-74.4920553135507,39.3385645936512],[-74.4930784758985,39.339636602077]]}},{"type":"Feature","id":226848,"properties":{"OBJECTID":226848,"PRIMENAME":"North Troy Avenue","ELEVTYP_F":0,"ELEVTYP_T":0},"geometry":{"type":"LineString","coordinates":[[-74.4874576220584,39.339247370208],[-74.4873309965785,39.3390894250694],[-74.4864556221163,39.3380014866632],[-74.4864198480661,39.3379577164894]]}},{"type":"Feature","id":227241,"properties":{"OBJECTID":227241,"PRIMENAME":"Amherst Avenue","ELEVTYP_F":0,"ELEVTYP_T":0},"geometry":{"type":"LineString","coordinates":[[-74.5059086941853,39.3322612807802],[-74.5060451929527,39.3321827471066],[-74.50643160359,39.3319607099548]]}},{"type":"Feature","id":227740,"properties":{"OBJECTID":227740,"PRIMENAME":"Ventnor Gardens Plaza","ELEVTYP_F":0,"ELEVTYP_T":0},"geometry":{"type":"LineString","coordinates":[[-74.4913296974675,39.3382156758907],[-74.4918608420222,39.3379552035805],[-74.4919354515812,39.3379193771275]]}},{"type":"Feature","id":227802,"properties":{"OBJECTID":227802,"PRIMENAME":"Atlantic Avenue","ELEVTYP_F":0,"ELEVTYP_T":0},"geometry":{"type":"LineString","coordinates":[[-74.4679741097125,39.3432368238849],[-74.4675055465826,39.3434637068273]]}},{"type":"Feature","id":230324,"properties":{"OBJECTID":230324,"PRIMENAME":"Brunswick Drive","ELEVTYP_F":0,"ELEVTYP_T":0},"geometry":{"type":"LineString","coordinates":[[-74.4981842830361,39.3359109546449],[-74.4978645087982,39.3360918902169]]}},{"type":"Feature","id":230355,"properties":{"OBJECTID":230355,"PRIMENAME":"North Rosborough Avenue","ELEVTYP_F":0,"ELEVTYP_T":0},"geometry":{"type":"LineString","coordinates":[[-74.4925082443473,39.3399689586206],[-74.4909971693548,39.3383786888144]]}},{"type":"Feature","id":230969,"properties":{"OBJECTID":230969,"PRIMENAME":"Burk Avenue","ELEVTYP_F":0,"ELEVTYP_T":0},"geometry":{"type":"LineString","coordinates":[[-74.4887416002694,39.3513740470402],[-74.4881124446395,39.351679880103]]}},{"type":"Feature","id":233209,"properties":{"OBJECTID":233209,"PRIMENAME":"South Troy Avenue","ELEVTYP_F":0,"ELEVTYP_T":0},"geometry":{"type":"LineString","coordinates":[[-74.4843018219227,39.3353207965213],[-74.4841472862242,39.3351266556627],[-74.4835110280418,39.334337196003]]}},{"type":"Feature","id":233498,"properties":{"OBJECTID":233498,"PRIMENAME":"North Harvard Avenue","ELEVTYP_F":0,"ELEVTYP_T":0},"geometry":{"type":"LineString","coordinates":[[-74.4906086118578,39.3517553899133],[-74.490630604403,39.3517400787991],[-74.4906490712399,39.3517221802684],[-74.4906635133914,39.3517021762167],[-74.4906735420997,39.3516806062001],[-74.4906788904306,39.3516580503206],[-74.490679408633,39.3516351211184],[-74.490675083867,39.3516124338465],[-74.4906660332418,39.3515906055693],[-74.4906524991784,39.3515702191298],[-74.4905125907481,39.3514200020749],[-74.4899900627373,39.3507651145875]]}},{"type":"Feature","id":233525,"properties":{"OBJECTID":233525,"PRIMENAME":"Sunset Avenue","ELEVTYP_F":0,"ELEVTYP_T":0},"geometry":{"type":"LineString","coordinates":[[-74.4856212437806,39.3405919939742],[-74.4855143766656,39.3406450818343],[-74.4850879252999,39.3408512357286],[-74.4845716664339,39.3411007989585]]}},{"type":"Feature","id":233697,"properties":{"OBJECTID":233697,"PRIMENAME":"Winchester Avenue","ELEVTYP_F":0,"ELEVTYP_T":0},"geometry":{"type":"LineString","coordinates":[[-74.464387449703,39.3486588566527],[-74.4647686603788,39.3484615859535]]}},{"type":"Feature","id":234067,"properties":{"OBJECTID":234067,"PRIMENAME":"North Lafayette Avenue","ELEVTYP_F":0,"ELEVTYP_T":0},"geometry":{"type":"LineString","coordinates":[[-74.4904184289656,39.3360267993652],[-74.4902582885998,39.3358299754511],[-74.4893778900684,39.3347349190419]]}},{"type":"Feature","id":234283,"properties":{"OBJECTID":234283,"PRIMENAME":"North Victoria Avenue","ELEVTYP_F":0,"ELEVTYP_T":0},"geometry":{"type":"LineString","coordinates":[[-74.4830971030369,39.3541643167755],[-74.4820647430166,39.3528652382657]]}},{"type":"Feature","id":234324,"properties":{"OBJECTID":234324,"PRIMENAME":"North Clermont Avenue","ELEVTYP_F":0,"ELEVTYP_T":0},"geometry":{"type":"LineString","coordinates":[[-74.5035782194219,39.339759292024],[-74.5042489844505,39.3404588415863],[-74.5045258659415,39.3407440527773]]}},{"type":"Feature","id":234377,"properties":{"OBJECTID":234377,"PRIMENAME":"Fremont Avenue","ELEVTYP_F":0,"ELEVTYP_T":0},"geometry":{"type":"LineString","coordinates":[[-74.4784631529477,39.3474561902572],[-74.4779835082536,39.3476881739257],[-74.4775592825031,39.3478933518468],[-74.477494840801,39.3479243381338],[-74.4774549082911,39.3479481622777],[-74.4774334365003,39.3479696019366],[-74.4774211581415,39.3479910433752]]}},{"type":"Feature","id":234604,"properties":{"OBJECTID":234604,"PRIMENAME":"Monmouth Avenue","ELEVTYP_F":0,"ELEVTYP_T":0},"geometry":{"type":"LineString","coordinates":[[-74.5044334572862,39.3315672096434],[-74.504746794677,39.3313865308955],[-74.5049564397653,39.3312668102551]]}},{"type":"Feature","id":234685,"properties":{"OBJECTID":234685,"PRIMENAME":"North Melbourne Avenue","ELEVTYP_F":0,"ELEVTYP_T":0},"geometry":{"type":"LineString","coordinates":[[-74.4925758530417,39.3376120406476],[-74.4920794275936,39.3370002422406]]}},{"type":"Feature","id":234753,"properties":{"OBJECTID":234753,"PRIMENAME":"North Dorset Avenue Bridge","ELEVTYP_F":0,"ELEVTYP_T":0},"geometry":{"type":"LineString","coordinates":[[-74.4780487016405,39.341372972663],[-74.4782503089906,39.3416145480864],[-74.4782895463375,39.3416615634136],[-74.4784756109787,39.3418960947845]]}},{"type":"Feature","id":235251,"properties":{"OBJECTID":235251,"PRIMENAME":"Fulton Avenue","ELEVTYP_F":0,"ELEVTYP_T":0},"geometry":{"type":"LineString","coordinates":[[-74.4837188172595,39.3484701174213],[-74.4843910753597,39.3481432815786]]}},{"type":"Feature","id":235338,"properties":{"OBJECTID":235338,"PRIMENAME":"Atlantic Avenue","ELEVTYP_F":0,"ELEVTYP_T":0},"geometry":{"type":"LineString","coordinates":[[-74.465939048453,39.3442254875354],[-74.4654616297948,39.3444565330799],[-74.4654129142658,39.344479899193]]}},{"type":"Feature","id":235403,"properties":{"OBJECTID":235403,"PRIMENAME":"North Oxford Avenue","ELEVTYP_F":0,"ELEVTYP_T":0},"geometry":{"type":"LineString","coordinates":[[-74.4824117724471,39.3491054965976],[-74.4823157187033,39.3489865947557],[-74.4815063372336,39.3479735055443],[-74.4813848342584,39.3478233794375]]}},{"type":"Feature","id":235609,"properties":{"OBJECTID":235609,"PRIMENAME":"North Oxford Avenue","ELEVTYP_F":0,"ELEVTYP_T":0},"geometry":{"type":"LineString","coordinates":[[-74.4759819629317,39.3419700267092],[-74.4761753349594,39.3422119616244]]}},{"type":"Feature","id":235849,"properties":{"OBJECTID":235849,"PRIMENAME":"North Dorset Avenue","ELEVTYP_F":0,"ELEVTYP_T":0},"geometry":{"type":"LineString","coordinates":[[-74.478583830849,39.3420603463771],[-74.4785870115249,39.3420652338701],[-74.4788426316999,39.3424103034964],[-74.4795935527065,39.3433475652759]]}},{"type":"Feature","id":236162,"properties":{"OBJECTID":236162,"PRIMENAME":"North Dorset Avenue","ELEVTYP_F":0,"ELEVTYP_T":0},"geometry":{"type":"LineString","coordinates":[[-74.4845046682471,39.349443254165],[-74.4847321615982,39.3497277757582]]}},{"type":"Feature","id":236614,"properties":{"OBJECTID":236614,"PRIMENAME":"North Argyle Avenue","ELEVTYP_F":0,"ELEVTYP_T":0},"geometry":{"type":"LineString","coordinates":[[-74.498359106046,39.3381421006017],[-74.498583943921,39.3383669473997]]}},{"type":"Feature","id":236670,"properties":{"OBJECTID":236670,"PRIMENAME":"Fulton Avenue","ELEVTYP_F":0,"ELEVTYP_T":0},"geometry":{"type":"LineString","coordinates":[[-74.4795231472337,39.3505035356319],[-74.4798870968754,39.3503268329053]]}},{"type":"Feature","id":236994,"properties":{"OBJECTID":236994,"PRIMENAME":"Winchester Avenue","ELEVTYP_F":0,"ELEVTYP_T":0},"geometry":{"type":"LineString","coordinates":[[-74.5032799873752,39.3303616440607],[-74.5027577467173,39.3306596469867]]}},{"type":"Feature","id":237134,"properties":{"OBJECTID":237134,"PRIMENAME":"North Surrey Avenue","ELEVTYP_F":0,"ELEVTYP_T":0},"geometry":{"type":"LineString","coordinates":[[-74.4794904916731,39.3487387999633],[-74.4796009271443,39.3488770921249],[-74.4805222533091,39.3500184364915]]}},{"type":"Feature","id":237420,"properties":{"OBJECTID":237420,"PRIMENAME":"Atlantic Avenue","ELEVTYP_F":0,"ELEVTYP_T":0},"geometry":{"type":"LineString","coordinates":[[-74.4664531773142,39.3439757254259],[-74.4661411491763,39.3441276633492],[-74.465939048453,39.3442254875354]]}},{"type":"Feature","id":237613,"properties":{"OBJECTID":237613,"PRIMENAME":"Atlantic Avenue","ELEVTYP_F":0,"ELEVTYP_T":0},"geometry":{"type":"LineString","coordinates":[[-74.4726283818105,39.3409773269565],[-74.4718578886677,39.3413522857499],[-74.4717128858554,39.3414225671338]]}},{"type":"Feature","id":237693,"properties":{"OBJECTID":237693,"PRIMENAME":"North Somerset Avenue","ELEVTYP_F":0,"ELEVTYP_T":0},"geometry":{"type":"LineString","coordinates":[[-74.4833340380822,39.3513277579519],[-74.4838382121564,39.3519662887587]]}},{"type":"Feature","id":238073,"properties":{"OBJECTID":238073,"PRIMENAME":"Winchester Avenue","ELEVTYP_F":0,"ELEVTYP_T":0},"geometry":{"type":"LineString","coordinates":[[-74.4741435137587,39.3428647530654],[-74.4750645647387,39.3424181213323]]}},{"type":"Feature","id":238176,"properties":{"OBJECTID":238176,"PRIMENAME":"North Dover Avenue","ELEVTYP_F":0,"ELEVTYP_T":0},"geometry":{"type":"LineString","coordinates":[[-74.4644127699487,39.3571661241964],[-74.4631753547384,39.3556287651162]]}},{"type":"Feature","id":238436,"properties":{"OBJECTID":238436,"PRIMENAME":"Winchester Avenue","ELEVTYP_F":0,"ELEVTYP_T":0},"geometry":{"type":"LineString","coordinates":[[-74.4723132315157,39.344003377715],[-74.4724320916464,39.3441523588219]]}},{"type":"Feature","id":238805,"properties":{"OBJECTID":238805,"PRIMENAME":"Monmouth Avenue","ELEVTYP_F":0,"ELEVTYP_T":0},"geometry":{"type":"LineString","coordinates":[[-74.5039128041138,39.3318674417392],[-74.5044334572862,39.3315672096434]]}},{"type":"Feature","id":239278,"properties":{"OBJECTID":239278,"PRIMENAME":"Atlantic Avenue","ELEVTYP_F":0,"ELEVTYP_T":0},"geometry":{"type":"LineString","coordinates":[[-74.4905984398539,39.3322655815948],[-74.4900713651921,39.3325210519333]]}},{"type":"Feature","id":239911,"properties":{"OBJECTID":239911,"PRIMENAME":"North Suffolk Avenue","ELEVTYP_F":0,"ELEVTYP_T":0},"geometry":{"type":"LineString","coordinates":[[-74.4790883862629,39.3471556250289],[-74.4788170440275,39.3468198893758],[-74.4780601597785,39.345871171801]]}},{"type":"Feature","id":241240,"properties":{"OBJECTID":241240,"PRIMENAME":"Circle Drive","ELEVTYP_F":0,"ELEVTYP_T":0},"geometry":{"type":"LineString","coordinates":[[-74.4948285930711,39.3344106390659],[-74.4949345917383,39.334412566061],[-74.4950113145338,39.3344030414664],[-74.4951064599141,39.3343792126752],[-74.4951862615398,39.3343482451251],[-74.4951865619842,39.3343480938009],[-74.4952384135681,39.3343220534081],[-74.4952875249029,39.3342838906311],[-74.4953489073502,39.3342314504264],[-74.4954500321467,39.3341345592929]]}},{"type":"Feature","id":242615,"properties":{"OBJECTID":242615,"PRIMENAME":"Fulton Avenue","ELEVTYP_F":0,"ELEVTYP_T":0},"geometry":{"type":"LineString","coordinates":[[-74.4932654161867,39.3426061779831],[-74.4939780338042,39.3421955726529]]}},{"type":"Feature","id":242804,"properties":{"OBJECTID":242804,"PRIMENAME":"Monmouth Avenue","ELEVTYP_F":0,"ELEVTYP_T":0},"geometry":{"type":"LineString","coordinates":[[-74.4940513936677,39.3356580216051],[-74.4943028988234,39.3355148192457],[-74.49456069564,39.3353752415071]]}},{"type":"Feature","id":243203,"properties":{"OBJECTID":243203,"PRIMENAME":"North Richmond Avenue","ELEVTYP_F":0,"ELEVTYP_T":0},"geometry":{"type":"LineString","coordinates":[[-74.4636975791589,39.3532433765429],[-74.4649329859909,39.3547749910293]]}},{"type":"Feature","id":243402,"properties":{"OBJECTID":243402,"PRIMENAME":"Calvert Avenue","ELEVTYP_F":0,"ELEVTYP_T":0},"geometry":{"type":"LineString","coordinates":[[-74.4806261210998,39.3446269274594],[-74.4803895919093,39.3447416576191],[-74.4799504135562,39.3449545654044]]}},{"type":"Feature","id":244884,"properties":{"OBJECTID":244884,"PRIMENAME":"Winchester Avenue","ELEVTYP_F":0,"ELEVTYP_T":0},"geometry":{"type":"LineString","coordinates":[[-74.4864198480661,39.3379577164894],[-74.4862927242438,39.3380172831735],[-74.4858936360884,39.3382038047063]]}},{"type":"Feature","id":245224,"properties":{"OBJECTID":245224,"PRIMENAME":"Atlantic Avenue","ELEVTYP_F":0,"ELEVTYP_T":0},"geometry":{"type":"LineString","coordinates":[[-74.4900713651921,39.3325210519333],[-74.4895446393321,39.3327764370303]]}},{"type":"Feature","id":245243,"properties":{"OBJECTID":245243,"PRIMENAME":"Oak Grove Avenue","ELEVTYP_F":0,"ELEVTYP_T":0},"geometry":{"type":"LineString","coordinates":[[-74.4970173117461,39.3329369410487],[-74.4974972362753,39.3326597754987]]}},{"type":"Feature","id":245492,"properties":{"OBJECTID":245492,"PRIMENAME":"Villa Court","ELEVTYP_F":0,"ELEVTYP_T":0},"geometry":{"type":"LineString","coordinates":[[-74.4817728917256,39.3376127827672],[-74.4807415172794,39.3381289655129],[-74.4807285520553,39.3381354546266]]}},{"type":"Feature","id":245526,"properties":{"OBJECTID":245526,"PRIMENAME":"Wellington Avenue","ELEVTYP_F":0,"ELEVTYP_T":0},"geometry":{"type":"LineString","coordinates":[[-74.4847321615982,39.3497277757582],[-74.484055433738,39.3500532670567]]}},{"type":"Feature","id":245797,"properties":{"OBJECTID":245797,"PRIMENAME":"Amherst Avenue","ELEVTYP_F":0,"ELEVTYP_T":0},"geometry":{"type":"LineString","coordinates":[[-74.5013629598979,39.3348762223651],[-74.502165677856,39.3344130126979],[-74.5029311211108,39.3339762399899]]}},{"type":"Feature","id":246510,"properties":{"OBJECTID":246510,"PRIMENAME":"Fremont Avenue","ELEVTYP_F":0,"ELEVTYP_T":0},"geometry":{"type":"LineString","coordinates":[[-74.4826863492497,39.3471867478918],[-74.4833663445422,39.3468579967133]]}},{"type":"Feature","id":246680,"properties":{"OBJECTID":246680,"PRIMENAME":"South Andover Avenue","ELEVTYP_F":0,"ELEVTYP_T":0},"geometry":{"type":"LineString","coordinates":[[-74.4915109693125,39.3306903412474],[-74.4921669133552,39.3315055817422]]}},{"type":"Feature","id":246822,"properties":{"OBJECTID":246822,"PRIMENAME":"North Harvard Avenue","ELEVTYP_F":0,"ELEVTYP_T":0},"geometry":{"type":"LineString","coordinates":[[-74.485878280489,39.3456371870917],[-74.485683874955,39.3453944728919],[-74.4851001703154,39.3446751958159],[-74.4848495256651,39.3443604809655]]}},{"type":"Feature","id":246952,"properties":{"OBJECTID":246952,"PRIMENAME":"South Surrey Avenue","ELEVTYP_F":0,"ELEVTYP_T":0},"geometry":{"type":"LineString","coordinates":[[-74.4709296088625,39.3404395866432],[-74.4717128858554,39.3414225671338]]}},{"type":"Feature","id":248919,"properties":{"OBJECTID":248919,"PRIMENAME":"North Derby Avenue","ELEVTYP_F":0,"ELEVTYP_T":0},"geometry":{"type":"LineString","coordinates":[[-74.4874830015548,39.3519858475415],[-74.48656867889,39.350844119866],[-74.4864549031723,39.3507022379347]]}},{"type":"Feature","id":250317,"properties":{"OBJECTID":250317,"PRIMENAME":"North Victoria Avenue","ELEVTYP_F":0,"ELEVTYP_T":0},"geometry":{"type":"LineString","coordinates":[[-74.4820647430166,39.3528652382657],[-74.48196978133,39.3527457589635],[-74.4811626592294,39.3517398343168],[-74.4810463100616,39.351602943503],[-74.4810185193155,39.3515777333814],[-74.4809909389383,39.3515641104196],[-74.4809555056666,39.3515557027633]]}},{"type":"Feature","id":250838,"properties":{"OBJECTID":250838,"PRIMENAME":"North Dover Avenue","ELEVTYP_F":0,"ELEVTYP_T":0},"geometry":{"type":"LineString","coordinates":[[-74.465628853676,39.358677242649],[-74.4644127699487,39.3571661241964]]}},{"type":"Feature","id":251304,"properties":{"OBJECTID":251304,"PRIMENAME":"Ventnor Gardens Plaza","ELEVTYP_F":0,"ELEVTYP_T":0},"geometry":{"type":"LineString","coordinates":[[-74.4897920413497,39.3389632278574],[-74.4900442356979,39.3388412588978]]}},{"type":"Feature","id":252015,"properties":{"OBJECTID":252015,"PRIMENAME":"North Baltimore Avenue","ELEVTYP_F":0,"ELEVTYP_T":0},"geometry":{"type":"LineString","coordinates":[[-74.4906305770493,39.3341272971364],[-74.4907406219426,39.3342640404555],[-74.4916719420531,39.3354186719097]]}},{"type":"Feature","id":253344,"properties":{"OBJECTID":253344,"PRIMENAME":"West Drive","ELEVTYP_F":0,"ELEVTYP_T":0},"geometry":{"type":"LineString","coordinates":[[-74.4948295418038,39.3320961627051],[-74.4948211866017,39.3322555775933],[-74.4947874115737,39.3323938213115],[-74.4947444449916,39.3325320646022],[-74.494649276935,39.3328847982963],[-74.4946185783799,39.3330111261254],[-74.4946021344542,39.3330616457108],[-74.4946001533498,39.3330754289725],[-74.49460100149,39.3330877575509],[-74.4946040757199,39.3330983557689],[-74.4946124192779,39.3331135952239],[-74.4946156714746,39.3331177958695]]}},{"type":"Feature","id":253501,"properties":{"OBJECTID":253501,"PRIMENAME":"North Hillside Avenue","ELEVTYP_F":0,"ELEVTYP_T":0},"geometry":{"type":"LineString","coordinates":[[-74.471352414423,39.3452709085111],[-74.4709500248008,39.3447789474014],[-74.4704055720307,39.3440921157702],[-74.4703103547422,39.3439854218489]]}},{"type":"Feature","id":253983,"properties":{"OBJECTID":253983,"PRIMENAME":"North Aberdeen Place","ELEVTYP_F":0,"ELEVTYP_T":0},"geometry":{"type":"LineString","coordinates":[[-74.4637278820297,39.3471643173984],[-74.4647686603788,39.3484615859535]]}},{"type":"Feature","id":254077,"properties":{"OBJECTID":254077,"PRIMENAME":"Oakland Avenue","ELEVTYP_F":0,"ELEVTYP_T":0},"geometry":{"type":"LineString","coordinates":[[-74.4680075834479,39.343400760207],[-74.46797815432,39.3433630441131],[-74.4679680570217,39.3433264962814],[-74.4679680772855,39.3432820988526],[-74.4679741097125,39.3432368238849]]}},{"type":"Feature","id":255101,"properties":{"OBJECTID":255101,"PRIMENAME":"North Fredericksburg Avenue","ELEVTYP_F":0,"ELEVTYP_T":0},"geometry":{"type":"LineString","coordinates":[[-74.4954387088546,39.3363079499479],[-74.4952669303913,39.33613006127],[-74.4949651453002,39.3358077862042],[-74.4948295886064,39.3356674164076]]}},{"type":"Feature","id":255371,"properties":{"OBJECTID":255371,"PRIMENAME":"Atlantic Avenue","ELEVTYP_F":0,"ELEVTYP_T":0},"geometry":{"type":"LineString","coordinates":[[-74.4864004017329,39.3343020818253],[-74.4858507372169,39.334568979662]]}},{"type":"Feature","id":256275,"properties":{"OBJECTID":256275,"PRIMENAME":"South Dorset Avenue","ELEVTYP_F":0,"ELEVTYP_T":0},"geometry":{"type":"LineString","coordinates":[[-74.4762965077551,39.3391970347036],[-74.4755122787145,39.3382099083071]]}},{"type":"Feature","id":256412,"properties":{"OBJECTID":256412,"PRIMENAME":"North Austin Avenue","ELEVTYP_F":0,"ELEVTYP_T":0},"geometry":{"type":"LineString","coordinates":[[-74.4688800746186,39.345173543694],[-74.4696310715509,39.3461036213783]]}},{"type":"Feature","id":257091,"properties":{"OBJECTID":257091,"PRIMENAME":"Balfour Avenue","ELEVTYP_F":0,"ELEVTYP_T":0},"geometry":{"type":"LineString","coordinates":[[-74.4848495256651,39.3443604809655],[-74.4842215125416,39.3446652783012]]}},{"type":"Feature","id":257239,"properties":{"OBJECTID":257239,"PRIMENAME":"Marshall Avenue","ELEVTYP_F":0,"ELEVTYP_T":0},"geometry":{"type":"LineString","coordinates":[[-74.4838382121564,39.3519662887587],[-74.4835018168066,39.3521286757975],[-74.48337310583,39.352191419684]]}},{"type":"Feature","id":257972,"properties":{"OBJECTID":257972,"PRIMENAME":"South Sacramento Avenue","ELEVTYP_F":0,"ELEVTYP_T":0},"geometry":{"type":"LineString","coordinates":[[-74.4793177778834,39.3363754044984],[-74.4801022525581,39.3373573430519]]}},{"type":"Feature","id":258487,"properties":{"OBJECTID":258487,"PRIMENAME":"Oak Grove Avenue","ELEVTYP_F":0,"ELEVTYP_T":0},"geometry":{"type":"LineString","coordinates":[[-74.4974972362753,39.3326597754987],[-74.4979893899949,39.3323754971425]]}},{"type":"Feature","id":258831,"properties":{"OBJECTID":258831,"PRIMENAME":"Balfour Avenue","ELEVTYP_F":0,"ELEVTYP_T":0},"geometry":{"type":"LineString","coordinates":[[-74.481658867933,39.3459091358054],[-74.4809826574953,39.3462366687909]]}},{"type":"Feature","id":259943,"properties":{"OBJECTID":259943,"PRIMENAME":"South Princeton Avenue","ELEVTYP_F":0,"ELEVTYP_T":0},"geometry":{"type":"LineString","coordinates":[[-74.4806325822846,39.3370999692539],[-74.4798365914447,39.3361170467467]]}},{"type":"Feature","id":260407,"properties":{"OBJECTID":260407,"PRIMENAME":"North Clermont Avenue","ELEVTYP_F":0,"ELEVTYP_T":0},"geometry":{"type":"LineString","coordinates":[[-74.5026119642848,39.3387701575666],[-74.5030931790715,39.3392533589619],[-74.5035782194219,39.339759292024]]}},{"type":"Feature","id":260547,"properties":{"OBJECTID":260547,"PRIMENAME":"North Douglass Avenue","ELEVTYP_F":0,"ELEVTYP_T":0},"geometry":{"type":"LineString","coordinates":[[-74.5046191805903,39.3391570997484],[-74.5053960723194,39.339979947177],[-74.5055666222592,39.3401540707634]]}},{"type":"Feature","id":261597,"properties":{"OBJECTID":261597,"PRIMENAME":"East Drive","ELEVTYP_F":0,"ELEVTYP_T":0},"geometry":{"type":"LineString","coordinates":[[-74.4927320000365,39.3331081665286],[-74.4930226506479,39.33317548051],[-74.4931638219149,39.3332136266409],[-74.4933817130648,39.3332636659276],[-74.4936732509008,39.3333209018293],[-74.4939249434655,39.3333638300044],[-74.4939832089878,39.333382887945],[-74.4940110675285,39.3333993913901]]}},{"type":"Feature","id":261712,"properties":{"OBJECTID":261712,"PRIMENAME":"Harvard Avenue","ELEVTYP_F":0,"ELEVTYP_T":0},"geometry":{"type":"LineString","coordinates":[[-74.4838859261883,39.3431582653799],[-74.4838571159473,39.3431218811814],[-74.4838319068778,39.3431051018547],[-74.4838066604386,39.3430994970944],[-74.4837670194558,39.3431078925493],[-74.4837129485927,39.3431274623513],[-74.4834462286813,39.3432589424277],[-74.4831890913864,39.3433815277527]]}},{"type":"Feature","id":262659,"properties":{"OBJECTID":262659,"PRIMENAME":"Monmouth Avenue","ELEVTYP_F":0,"ELEVTYP_T":0},"geometry":{"type":"LineString","coordinates":[[-74.4770329589449,39.3445915683916],[-74.477658847013,39.3442833503151]]}},{"type":"Feature","id":262713,"properties":{"OBJECTID":262713,"PRIMENAME":"South Somerset Avenue","ELEVTYP_F":0,"ELEVTYP_T":0},"geometry":{"type":"LineString","coordinates":[[-74.4737792249596,39.3404182682618],[-74.4729302594655,39.3393592918694]]}},{"type":"Feature","id":262873,"properties":{"OBJECTID":262873,"PRIMENAME":"North Dorset Avenue","ELEVTYP_F":0,"ELEVTYP_T":0},"geometry":{"type":"LineString","coordinates":[[-74.4857785626271,39.3510332585122],[-74.4861063819476,39.3514419924832],[-74.4868041070315,39.3523150063492]]}},{"type":"Feature","id":263346,"properties":{"OBJECTID":263346,"PRIMENAME":"Edgewater Avenue","ELEVTYP_F":0,"ELEVTYP_T":0},"geometry":{"type":"LineString","coordinates":[[-74.4753673235757,39.3436142321759],[-74.4752030801835,39.3436937948757]]}},{"type":"Feature","id":263773,"properties":{"OBJECTID":263773,"PRIMENAME":"North Vassar Square","ELEVTYP_F":0,"ELEVTYP_T":0},"geometry":{"type":"LineString","coordinates":[[-74.4673036142097,39.3459399799579],[-74.4670145234794,39.3455793907675]]}},{"type":"Feature","id":264075,"properties":{"OBJECTID":264075,"PRIMENAME":"Winchester Avenue","ELEVTYP_F":0,"ELEVTYP_T":0},"geometry":{"type":"LineString","coordinates":[[-74.4716435920893,39.3449834523253],[-74.4717244552487,39.3450916243885]]}},{"type":"Feature","id":264681,"properties":{"OBJECTID":264681,"PRIMENAME":"South Suffolk Avenue","ELEVTYP_F":0,"ELEVTYP_T":0},"geometry":{"type":"LineString","coordinates":[[-74.4727943043744,39.3411808288012],[-74.4737182919857,39.3423295518454]]}},{"type":"Feature","id":264956,"properties":{"OBJECTID":264956,"PRIMENAME":"Balfour Avenue","ELEVTYP_F":0,"ELEVTYP_T":0},"geometry":{"type":"LineString","coordinates":[[-74.4823362743055,39.3455803352145],[-74.481658867933,39.3459091358054]]}},{"type":"Feature","id":265464,"properties":{"OBJECTID":265464,"PRIMENAME":"Balfour Avenue","ELEVTYP_F":0,"ELEVTYP_T":0},"geometry":{"type":"LineString","coordinates":[[-74.4925082443473,39.3399689586206],[-74.492572318928,39.3399319780531],[-74.4929324708769,39.3397218192126]]}},{"type":"Feature","id":266269,"properties":{"OBJECTID":266269,"PRIMENAME":"South Washington Avenue","ELEVTYP_F":0,"ELEVTYP_T":0},"geometry":{"type":"LineString","coordinates":[[-74.4905984398539,39.3322655815948],[-74.491109347086,39.3328976238063],[-74.4915661057272,39.3334737850175],[-74.4916818437297,39.3336172560528]]}},{"type":"Feature","id":266992,"properties":{"OBJECTID":266992,"PRIMENAME":"Marshall Avenue","ELEVTYP_F":0,"ELEVTYP_T":0},"geometry":{"type":"LineString","coordinates":[[-74.4844677771163,39.3516629768212],[-74.4843706898728,39.3517093384777],[-74.4838382121564,39.3519662887587]]}},{"type":"Feature","id":267695,"properties":{"OBJECTID":267695,"PRIMENAME":"Fremont Avenue","ELEVTYP_F":0,"ELEVTYP_T":0},"geometry":{"type":"LineString","coordinates":[[-74.4846224829069,39.3462478595194],[-74.4852497302475,39.3459417979697]]}},{"type":"Feature","id":268732,"properties":{"OBJECTID":268732,"PRIMENAME":"Callender Avenue","ELEVTYP_F":0,"ELEVTYP_T":0},"geometry":{"type":"LineString","coordinates":[[-74.4683541324933,39.3454292712313],[-74.4688800746186,39.345173543694]]}},{"type":"Feature","id":268831,"properties":{"OBJECTID":268831,"PRIMENAME":"North Annapolis Avenue","ELEVTYP_F":0,"ELEVTYP_T":0},"geometry":{"type":"LineString","coordinates":[[-74.4640437227303,39.3552057088765],[-74.4652831278585,39.3567478643531]]}},{"type":"Feature","id":269916,"properties":{"OBJECTID":269916,"PRIMENAME":"South Philadelphia Avenue","ELEVTYP_F":0,"ELEVTYP_T":0},"geometry":{"type":"LineString","coordinates":[[-74.4874434995394,39.333792544704],[-74.4867917199557,39.3329753371333]]}},{"type":"Feature","id":269958,"properties":{"OBJECTID":269958,"PRIMENAME":"Fremont Avenue","ELEVTYP_F":0,"ELEVTYP_T":0},"geometry":{"type":"LineString","coordinates":[[-74.4801190574069,39.3484292514642],[-74.4807541596287,39.3481252469312]]}},{"type":"Feature","id":270165,"properties":{"OBJECTID":270165,"PRIMENAME":"North Portland Avenue","ELEVTYP_F":0,"ELEVTYP_T":0},"geometry":{"type":"LineString","coordinates":[[-74.4845716664339,39.3411007989585],[-74.4843084528874,39.3407732039661]]}},{"type":"Feature","id":271504,"properties":{"OBJECTID":271504,"PRIMENAME":"Atlantic Avenue","ELEVTYP_F":0,"ELEVTYP_T":0},"geometry":{"type":"LineString","coordinates":[[-74.4853527290571,39.3348107847334],[-74.4850316236274,39.3349666990498],[-74.484828090622,39.3350654622275]]}},{"type":"Feature","id":271703,"properties":{"OBJECTID":271703,"PRIMENAME":"South Dorset Avenue","ELEVTYP_F":0,"ELEVTYP_T":0},"geometry":{"type":"LineString","coordinates":[[-74.4773867083468,39.340548429402],[-74.4762965077551,39.3391970347036]]}},{"type":"Feature","id":271730,"properties":{"OBJECTID":271730,"PRIMENAME":"South Newark Avenue","ELEVTYP_F":0,"ELEVTYP_T":0},"geometry":{"type":"LineString","coordinates":[[-74.4874866913885,39.3356515161321],[-74.4873805033788,39.3355191625545],[-74.4864004017329,39.3343020818253]]}},{"type":"Feature","id":272171,"properties":{"OBJECTID":272171,"PRIMENAME":"Monmouth Avenue","ELEVTYP_F":0,"ELEVTYP_T":0},"geometry":{"type":"LineString","coordinates":[[-74.4929571639663,39.3364265327912],[-74.493014982029,39.336337164776],[-74.4930798002037,39.3362517778414]]}},{"type":"Feature","id":272638,"properties":{"OBJECTID":272638,"PRIMENAME":"Burk Avenue","ELEVTYP_F":0,"ELEVTYP_T":0},"geometry":{"type":"LineString","coordinates":[[-74.5030561891965,39.341589853853],[-74.5035398646293,39.3413088983064],[-74.5038099464503,39.3411520132526],[-74.5038474463117,39.3411302303684],[-74.5040153475158,39.341034655677],[-74.5045258659415,39.3407440527773]]}},{"type":"Feature","id":272845,"properties":{"OBJECTID":272845,"PRIMENAME":"North Surrey Avenue","ELEVTYP_F":0,"ELEVTYP_T":0},"geometry":{"type":"LineString","coordinates":[[-74.4764049083069,39.3449008266885],[-74.4769620478832,39.3455970506684],[-74.4774301937576,39.3461767274588]]}},{"type":"Feature","id":273202,"properties":{"OBJECTID":273202,"PRIMENAME":"South Melbourne Avenue","ELEVTYP_F":0,"ELEVTYP_T":0},"geometry":{"type":"LineString","coordinates":[[-74.489194778613,39.333407842299],[-74.4890077065283,39.3331735231006],[-74.4889751537611,39.3331052077021],[-74.4889662517194,39.3330569376468]]}},{"type":"Feature","id":273247,"properties":{"OBJECTID":273247,"PRIMENAME":"South Rosborough Avenue","ELEVTYP_F":0,"ELEVTYP_T":0},"geometry":{"type":"LineString","coordinates":[[-74.4869678845023,39.3340255734952],[-74.4870529416466,39.3340764879701],[-74.4871017976001,39.3341068337006],[-74.4871378650667,39.33414885885],[-74.4871864935892,39.3342055226932],[-74.4881080679085,39.3353500222229]]}},{"type":"Feature","id":273768,"properties":{"OBJECTID":273768,"PRIMENAME":"Monmouth Avenue","ELEVTYP_F":0,"ELEVTYP_T":0},"geometry":{"type":"LineString","coordinates":[[-74.5028531356743,39.332479018998],[-74.5033867726386,39.3321709389001]]}},{"type":"Feature","id":273842,"properties":{"OBJECTID":273842,"PRIMENAME":"Winchester Avenue","ELEVTYP_F":0,"ELEVTYP_T":0},"geometry":{"type":"LineString","coordinates":[[-74.4647686603788,39.3484615859535],[-74.4654307794683,39.3481488317543]]}},{"type":"Feature","id":274390,"properties":{"OBJECTID":274390,"PRIMENAME":"Amherst Avenue","ELEVTYP_F":0,"ELEVTYP_T":0},"geometry":{"type":"LineString","coordinates":[[-74.504333290523,39.3331677563341],[-74.5048309703524,39.3328813887089]]}},{"type":"Feature","id":274441,"properties":{"OBJECTID":274441,"PRIMENAME":"Atlantic Avenue","ELEVTYP_F":0,"ELEVTYP_T":0},"geometry":{"type":"LineString","coordinates":[[-74.4884964102541,39.3332847566476],[-74.4882877247639,39.3333859693027]]}},{"type":"Feature","id":275292,"properties":{"OBJECTID":275292,"PRIMENAME":"North Weymouth Avenue","ELEVTYP_F":0,"ELEVTYP_T":0},"geometry":{"type":"LineString","coordinates":[[-74.4720119568045,39.3447974661388],[-74.47168499565,39.3443824324772],[-74.4716137089366,39.3442920546497]]}},{"type":"Feature","id":275362,"properties":{"OBJECTID":275362,"PRIMENAME":"Unnamed Segment","ELEVTYP_F":0,"ELEVTYP_T":0},"geometry":{"type":"LineString","coordinates":[[-74.4720119568045,39.3447974661388],[-74.4720521011283,39.3447750167379],[-74.4722971648052,39.3446616513682]]}},{"type":"Feature","id":275852,"properties":{"OBJECTID":275852,"PRIMENAME":"Unnamed Segment","ELEVTYP_F":0,"ELEVTYP_T":0},"geometry":{"type":"LineString","coordinates":[[-74.4940666685759,39.3360968329464],[-74.4944559734634,39.3358777103425]]}},{"type":"Feature","id":275997,"properties":{"OBJECTID":275997,"PRIMENAME":"Calvert Avenue","ELEVTYP_F":0,"ELEVTYP_T":0},"geometry":{"type":"LineString","coordinates":[[-74.4831890913864,39.3433815277527],[-74.4827829973347,39.3435750664712],[-74.4825585695651,39.3436852177148]]}},{"type":"Feature","id":277120,"properties":{"OBJECTID":277120,"PRIMENAME":"Fulton Avenue","ELEVTYP_F":0,"ELEVTYP_T":0},"geometry":{"type":"LineString","coordinates":[[-74.4856475456454,39.3475335181489],[-74.4862758613382,39.3472287133063]]}},{"type":"Feature","id":277941,"properties":{"OBJECTID":277941,"PRIMENAME":"Callender Avenue","ELEVTYP_F":0,"ELEVTYP_T":0},"geometry":{"type":"LineString","coordinates":[[-74.4673036142097,39.3459399799579],[-74.4678298830855,39.3456841464816]]}},{"type":"Feature","id":278044,"properties":{"OBJECTID":278044,"PRIMENAME":"North Frontenac Avenue","ELEVTYP_F":0,"ELEVTYP_T":0},"geometry":{"type":"LineString","coordinates":[[-74.5003879898074,39.332020935387],[-74.500205663117,39.3318298362557],[-74.4993651086399,39.3309539875247]]}},{"type":"Feature","id":278332,"properties":{"OBJECTID":278332,"PRIMENAME":"South Richards Avenue","ELEVTYP_F":0,"ELEVTYP_T":0},"geometry":{"type":"LineString","coordinates":[[-74.4839887203388,39.3340071630945],[-74.4840698416101,39.3341101867787],[-74.4844568784912,39.3346017221482],[-74.484828090622,39.3350654622275]]}},{"type":"Feature","id":278763,"properties":{"OBJECTID":278763,"PRIMENAME":"South Cambridge Avenue","ELEVTYP_F":0,"ELEVTYP_T":0},"geometry":{"type":"LineString","coordinates":[[-74.4784322850533,39.3370885996832],[-74.4782962048472,39.3369207168453]]}},{"type":"Feature","id":278998,"properties":{"OBJECTID":278998,"PRIMENAME":"Monmouth Avenue","ELEVTYP_F":0,"ELEVTYP_T":0},"geometry":{"type":"LineString","coordinates":[[-74.4817406462373,39.3420192866248],[-74.4820537635088,39.3418672799658],[-74.4822059715761,39.3417923187949]]}},{"type":"Feature","id":279731,"properties":{"OBJECTID":279731,"PRIMENAME":"Marston Place","ELEVTYP_F":0,"ELEVTYP_T":0},"geometry":{"type":"LineString","coordinates":[[-74.4784322850533,39.3370885996832],[-74.4775286871641,39.3375294128751]]}},{"type":"Feature","id":280635,"properties":{"OBJECTID":280635,"PRIMENAME":"South Avolyn Avenue","ELEVTYP_F":0,"ELEVTYP_T":0},"geometry":{"type":"LineString","coordinates":[[-74.4837610164886,39.3355831275199],[-74.4836911088507,39.3354649436257],[-74.4829749126361,39.3345794043852]]}},{"type":"Feature","id":280920,"properties":{"OBJECTID":280920,"PRIMENAME":"South Wyoming Avenue","ELEVTYP_F":0,"ELEVTYP_T":0},"geometry":{"type":"LineString","coordinates":[[-74.4876556537626,39.3336894665504],[-74.4880497862131,39.3341853786262],[-74.4887419922226,39.3350429528609]]}},{"type":"Feature","id":281241,"properties":{"OBJECTID":281241,"PRIMENAME":"North Dorset Avenue","ELEVTYP_F":0,"ELEVTYP_T":0},"geometry":{"type":"LineString","coordinates":[[-74.4806261210998,39.3446269274594],[-74.481658867933,39.3459091358054]]}},{"type":"Feature","id":281497,"properties":{"OBJECTID":281497,"PRIMENAME":"South Oxford Avenue","ELEVTYP_F":0,"ELEVTYP_T":0},"geometry":{"type":"LineString","coordinates":[[-74.4744620961417,39.3400874560594],[-74.4746370095994,39.3403054189291],[-74.4755537255531,39.3414382635849]]}},{"type":"Feature","id":283009,"properties":{"OBJECTID":283009,"PRIMENAME":"North Oxford Avenue","ELEVTYP_F":0,"ELEVTYP_T":0},"geometry":{"type":"LineString","coordinates":[[-74.4755537255531,39.3414382635849],[-74.4758188821477,39.3417659345883],[-74.4759819629317,39.3419700267092]]}},{"type":"Feature","id":283465,"properties":{"OBJECTID":283465,"PRIMENAME":"Ventnor Avenue","ELEVTYP_F":0,"ELEVTYP_T":0},"geometry":{"type":"LineString","coordinates":[[-74.4958783789792,39.3315861663078],[-74.4955641008716,39.3317404624197],[-74.4953564196291,39.3318410284174]]}},{"type":"Feature","id":284112,"properties":{"OBJECTID":284112,"PRIMENAME":"North Frankfort Avenue","ELEVTYP_F":0,"ELEVTYP_T":0},"geometry":{"type":"LineString","coordinates":[[-74.4706910574538,39.3438009536191],[-74.4707990643706,39.3439356017431],[-74.4716435920893,39.3449834523253]]}},{"type":"Feature","id":284401,"properties":{"OBJECTID":284401,"PRIMENAME":"South New Haven Avenue","ELEVTYP_F":0,"ELEVTYP_T":0},"geometry":{"type":"LineString","coordinates":[[-74.4832446418155,39.335833543552],[-74.4830232285668,39.3355755265989],[-74.4824492471776,39.334863924881]]}},{"type":"Feature","id":284929,"properties":{"OBJECTID":284929,"PRIMENAME":"North Somerset Avenue","ELEVTYP_F":0,"ELEVTYP_T":0},"geometry":{"type":"LineString","coordinates":[[-74.4817830346109,39.3494098137931],[-74.4823412183361,39.3501009599045],[-74.482798940954,39.3506609816976]]}},{"type":"Feature","id":285064,"properties":{"OBJECTID":285064,"PRIMENAME":"Marshall Avenue","ELEVTYP_F":0,"ELEVTYP_T":0},"geometry":{"type":"LineString","coordinates":[[-74.4883387055654,39.3497864285602],[-74.4877123560204,39.3500936876114]]}},{"type":"Feature","id":286078,"properties":{"OBJECTID":286078,"PRIMENAME":"Balfour Avenue","ELEVTYP_F":0,"ELEVTYP_T":0},"geometry":{"type":"LineString","coordinates":[[-74.4944499751067,39.3388570057058],[-74.4951500145942,39.3384464815143]]}},{"type":"Feature","id":287067,"properties":{"OBJECTID":287067,"PRIMENAME":"North Essex Avenue","ELEVTYP_F":0,"ELEVTYP_T":0},"geometry":{"type":"LineString","coordinates":[[-74.4991010584711,39.332765865239],[-74.4988054223903,39.3324554348843],[-74.4985273232527,39.3321686719732],[-74.498463509395,39.3321016767081]]}},{"type":"Feature","id":287431,"properties":{"OBJECTID":287431,"PRIMENAME":"Barclay Avenue","ELEVTYP_F":0,"ELEVTYP_T":0},"geometry":{"type":"LineString","coordinates":[[-74.5030561891965,39.341589853853],[-74.5031834199676,39.3417315275387],[-74.5032408488256,39.3418169716265],[-74.5033078250034,39.3419172689114],[-74.5033604456211,39.3420287150273],[-74.5034082955357,39.3421773098636],[-74.5034561777092,39.3422701678047],[-74.5035183463458,39.3423779058142],[-74.5035900980764,39.3424930851048],[-74.503761394482,39.3427113069062]]}},{"type":"Feature","id":287955,"properties":{"OBJECTID":287955,"PRIMENAME":"Winchester Avenue","ELEVTYP_F":0,"ELEVTYP_T":0},"geometry":{"type":"LineString","coordinates":[[-74.4853805035448,39.3384492327818],[-74.4848550888855,39.3387349359408]]}},{"type":"Feature","id":287966,"properties":{"OBJECTID":287966,"PRIMENAME":"South New Haven Avenue","ELEVTYP_F":0,"ELEVTYP_T":0},"geometry":{"type":"LineString","coordinates":[[-74.4843597845821,39.3371687329412],[-74.4842730680444,39.3370967841129],[-74.484165569158,39.3369664164542],[-74.4840409743939,39.3368153195374],[-74.4835117589499,39.3361543046064],[-74.4833163611021,39.3359171043007],[-74.4832446418155,39.335833543552]]}},{"type":"Feature","id":288025,"properties":{"OBJECTID":288025,"PRIMENAME":"North Gladstone Avenue","ELEVTYP_F":0,"ELEVTYP_T":0},"geometry":{"type":"LineString","coordinates":[[-74.5010871644375,39.3316178094263],[-74.5008194546502,39.331338217829],[-74.5002200497357,39.3307125609015],[-74.5001481381808,39.3306306301567],[-74.500104970666,39.330571048546],[-74.5000570301541,39.3304816760913],[-74.4999994740951,39.3303773951391],[-74.4999611146933,39.330314107522],[-74.4999131745132,39.3302470571836],[-74.4998172584225,39.3301316285253],[-74.4995501964936,39.3297974779153]]}},{"type":"Feature","id":289387,"properties":{"OBJECTID":289387,"PRIMENAME":"South Suffolk Avenue","ELEVTYP_F":0,"ELEVTYP_T":0},"geometry":{"type":"LineString","coordinates":[[-74.4718931926909,39.340080328737],[-74.4726283818105,39.3409773269565]]}},{"type":"Feature","id":289880,"properties":{"OBJECTID":289880,"PRIMENAME":"Winchester Avenue","ELEVTYP_F":0,"ELEVTYP_T":0},"geometry":{"type":"LineString","coordinates":[[-74.4789281555791,39.3408705609981],[-74.4788631055202,39.3407878573026],[-74.4787499921888,39.3406440435803]]}},{"type":"Feature","id":290020,"properties":{"OBJECTID":290020,"PRIMENAME":"Lafayette Park","ELEVTYP_F":0,"ELEVTYP_T":0},"geometry":{"type":"LineString","coordinates":[[-74.4884177299001,39.3335467388437],[-74.4882877247639,39.3333859693027]]}},{"type":"Feature","id":290520,"properties":{"OBJECTID":290520,"PRIMENAME":"West Colmar Circle","ELEVTYP_F":0,"ELEVTYP_T":0},"geometry":{"type":"LineString","coordinates":[[-74.505561772355,39.3347297241724],[-74.5051396964784,39.3343543538065],[-74.5049287103389,39.3341368767769],[-74.5046601579244,39.3337882963381]]}},{"type":"Feature","id":291362,"properties":{"OBJECTID":291362,"PRIMENAME":"Burk Avenue","ELEVTYP_F":0,"ELEVTYP_T":0},"geometry":{"type":"LineString","coordinates":[[-74.4862702967625,39.3525731107087],[-74.4861126416057,39.3526493393413],[-74.4858085489703,39.3527963708463],[-74.4856601758387,39.3528688733398]]}},{"type":"Feature","id":292094,"properties":{"OBJECTID":292094,"PRIMENAME":"North Barclay Avenue","ELEVTYP_F":0,"ELEVTYP_T":0},"geometry":{"type":"LineString","coordinates":[[-74.4973918377598,39.3356212154657],[-74.4974358204661,39.3356471076237],[-74.4978645087982,39.3360918902169]]}},{"type":"Feature","id":292116,"properties":{"OBJECTID":292116,"PRIMENAME":"Atlantic Avenue","ELEVTYP_F":0,"ELEVTYP_T":0},"geometry":{"type":"LineString","coordinates":[[-74.4876556537626,39.3336894665504],[-74.4874434995394,39.333792544704]]}},{"type":"Feature","id":292249,"properties":{"OBJECTID":292249,"PRIMENAME":"South Argyle Avenue","ELEVTYP_F":0,"ELEVTYP_T":0},"geometry":{"type":"LineString","coordinates":[[-74.4926940436839,39.3312485650842],[-74.4928401816644,39.3314298990462],[-74.4933444571145,39.3320559461223],[-74.4937832707203,39.3326011259043]]}},{"type":"Feature","id":292413,"properties":{"OBJECTID":292413,"PRIMENAME":"Sunset Avenue","ELEVTYP_F":0,"ELEVTYP_T":0},"geometry":{"type":"LineString","coordinates":[[-74.4643493773168,39.3497457495785],[-74.4639840229244,39.3499713317605]]}},{"type":"Feature","id":292456,"properties":{"OBJECTID":292456,"PRIMENAME":"North Newark Avenue","ELEVTYP_F":0,"ELEVTYP_T":0},"geometry":{"type":"LineString","coordinates":[[-74.4885248748154,39.3369451424859],[-74.4874866913885,39.3356515161321]]}},{"type":"Feature","id":292833,"properties":{"OBJECTID":292833,"PRIMENAME":"Fulton Avenue","ELEVTYP_F":0,"ELEVTYP_T":0},"geometry":{"type":"LineString","coordinates":[[-74.4798870968754,39.3503268329053],[-74.4805222533091,39.3500184364915]]}},{"type":"Feature","id":293015,"properties":{"OBJECTID":293015,"PRIMENAME":"South Oakland Avenue","ELEVTYP_F":0,"ELEVTYP_T":0},"geometry":{"type":"LineString","coordinates":[[-74.4690340461722,39.3445971010809],[-74.4689796358734,39.3445721836433],[-74.468939299874,39.3445460610468],[-74.4688922547576,39.3445016789838],[-74.4687880656918,39.344373702443],[-74.4681696981333,39.3436085328576],[-74.4680075834479,39.343400760207]]}},{"type":"Feature","id":293198,"properties":{"OBJECTID":293198,"PRIMENAME":"Monmouth Avenue","ELEVTYP_F":0,"ELEVTYP_T":0},"geometry":{"type":"LineString","coordinates":[[-74.4995041364963,39.3339651283414],[-74.499981831101,39.3336890227539]]}},{"type":"Feature","id":293266,"properties":{"OBJECTID":293266,"PRIMENAME":"Unnamed Segment","ELEVTYP_F":0,"ELEVTYP_T":0},"geometry":{"type":"LineString","coordinates":[[-74.4944559734634,39.3358777103425],[-74.4948295886064,39.3356674164076]]}},{"type":"Feature","id":293703,"properties":{"OBJECTID":293703,"PRIMENAME":"North Derby Avenue","ELEVTYP_F":0,"ELEVTYP_T":0},"geometry":{"type":"LineString","coordinates":[[-74.4787499921888,39.3406440435803],[-74.478311527505,39.3401009491807]]}},{"type":"Feature","id":294105,"properties":{"OBJECTID":294105,"PRIMENAME":"North Surrey Avenue","ELEVTYP_F":0,"ELEVTYP_T":0},"geometry":{"type":"LineString","coordinates":[[-74.4825836962666,39.352578833097],[-74.4831024914793,39.3532297444785],[-74.4836188592782,39.3538625315253]]}},{"type":"Feature","id":294122,"properties":{"OBJECTID":294122,"PRIMENAME":"North Essex Avenue","ELEVTYP_F":0,"ELEVTYP_T":0},"geometry":{"type":"LineString","coordinates":[[-74.5002533303552,39.3339721851801],[-74.499981831101,39.3336890227539]]}},{"type":"Feature","id":294641,"properties":{"OBJECTID":294641,"PRIMENAME":"North Lafayette Avenue","ELEVTYP_F":0,"ELEVTYP_T":0},"geometry":{"type":"LineString","coordinates":[[-74.4953600272121,39.3410386124285],[-74.495590653729,39.3412800977313]]}},{"type":"Feature","id":295041,"properties":{"OBJECTID":295041,"PRIMENAME":"Atlantic Avenue","ELEVTYP_F":0,"ELEVTYP_T":0},"geometry":{"type":"LineString","coordinates":[[-74.4685527357653,39.3429565930001],[-74.4679741097125,39.3432368238849]]}},{"type":"Feature","id":295985,"properties":{"OBJECTID":295985,"PRIMENAME":"Monmouth Avenue","ELEVTYP_F":0,"ELEVTYP_T":0},"geometry":{"type":"LineString","coordinates":[[-74.4920794275936,39.3370002422406],[-74.4924333741677,39.3368297310114],[-74.4926513291427,39.3367157992916],[-74.4926917803876,39.3366904592559]]}},{"type":"Feature","id":296049,"properties":{"OBJECTID":296049,"PRIMENAME":"Winchester Avenue","ELEVTYP_F":0,"ELEVTYP_T":0},"geometry":{"type":"LineString","coordinates":[[-74.4897840088488,39.3363344542821],[-74.489599748909,39.3364238103669],[-74.4891459750873,39.3366449339418]]}},{"type":"Feature","id":296778,"properties":{"OBJECTID":296778,"PRIMENAME":"North Iroquois Avenue","ELEVTYP_F":0,"ELEVTYP_T":0},"geometry":{"type":"LineString","coordinates":[[-74.5038093636701,39.3300578724301],[-74.5041611935242,39.3304316307681],[-74.5048355528329,39.3311405680347],[-74.5049564397653,39.3312668102551]]}},{"type":"Feature","id":297140,"properties":{"OBJECTID":297140,"PRIMENAME":"Circle Drive","ELEVTYP_F":0,"ELEVTYP_T":0},"geometry":{"type":"LineString","coordinates":[[-74.4946156714746,39.3331177958695],[-74.4945019319043,39.3331326720008],[-74.4943883671228,39.3331660264245],[-74.4943241945921,39.3331828000723],[-74.4942812367203,39.3331969380462],[-74.494262569858,39.3332069280548],[-74.4942451720407,39.3332162380086],[-74.4941858066662,39.3332565969263],[-74.4940968115162,39.3333209240714],[-74.4940110675285,39.3333993913901]]}},{"type":"Feature","id":297194,"properties":{"OBJECTID":297194,"PRIMENAME":"North Huntington Avenue","ELEVTYP_F":0,"ELEVTYP_T":0},"geometry":{"type":"LineString","coordinates":[[-74.5047544773281,39.3327454824571],[-74.5048023273162,39.3327919904169],[-74.5048197954076,39.332831335446],[-74.5048309703524,39.3328813887089]]}},{"type":"Feature","id":297336,"properties":{"OBJECTID":297336,"PRIMENAME":"Theresa Place","ELEVTYP_F":0,"ELEVTYP_T":0},"geometry":{"type":"LineString","coordinates":[[-74.4659741514747,39.3451956021334],[-74.4649304476738,39.3457025287595]]}},{"type":"Feature","id":297878,"properties":{"OBJECTID":297878,"PRIMENAME":"Amherst Avenue","ELEVTYP_F":0,"ELEVTYP_T":0},"geometry":{"type":"LineString","coordinates":[[-74.4997639267457,39.3357968579868],[-74.4999310586327,39.3357016377125],[-74.5002483503268,39.3355188299707]]}},{"type":"Feature","id":298219,"properties":{"OBJECTID":298219,"PRIMENAME":"Monmouth Avenue","ELEVTYP_F":0,"ELEVTYP_T":0},"geometry":{"type":"LineString","coordinates":[[-74.501545115715,39.3332340249068],[-74.5018505479433,39.333058735574],[-74.5022473707583,39.3328291345324]]}},{"type":"Feature","id":298936,"properties":{"OBJECTID":298936,"PRIMENAME":"Unnamed Segment","ELEVTYP_F":0,"ELEVTYP_T":0},"geometry":{"type":"LineString","coordinates":[[-74.4950452799242,39.3365230688291],[-74.4946757783977,39.3367251022544]]}},{"type":"Feature","id":299094,"properties":{"OBJECTID":299094,"PRIMENAME":"South Baltimore Avenue","ELEVTYP_F":0,"ELEVTYP_T":0},"geometry":{"type":"LineString","coordinates":[[-74.4888895369396,39.3319569391838],[-74.4895446393321,39.3327764370303]]}},{"type":"Feature","id":299116,"properties":{"OBJECTID":299116,"PRIMENAME":"Calvert Avenue","ELEVTYP_F":0,"ELEVTYP_T":0},"geometry":{"type":"LineString","coordinates":[[-74.4944570891262,39.3373065508151],[-74.494490044643,39.3372874695513],[-74.4945766119147,39.337237847813],[-74.4949570322198,39.3370197870229]]}},{"type":"Feature","id":299506,"properties":{"OBJECTID":299506,"PRIMENAME":"North Dudley Avenue","ELEVTYP_F":0,"ELEVTYP_T":0},"geometry":{"type":"LineString","coordinates":[[-74.484055433738,39.3500532670567],[-74.4845555124731,39.3506785190812]]}},{"type":"Feature","id":299553,"properties":{"OBJECTID":299553,"PRIMENAME":"North Clarendon Avenue","ELEVTYP_F":0,"ELEVTYP_T":0},"geometry":{"type":"LineString","coordinates":[[-74.4983287358022,39.3350849999815],[-74.4973365285898,39.3340420329704],[-74.497209386997,39.3339093977792],[-74.4971747111514,39.3338732238654]]}},{"type":"Feature","id":299874,"properties":{"OBJECTID":299874,"PRIMENAME":"Amherst Avenue","ELEVTYP_F":0,"ELEVTYP_T":0},"geometry":{"type":"LineString","coordinates":[[-74.5032002087837,39.333821925299],[-74.5038035033966,39.333473341735]]}},{"type":"Feature","id":300354,"properties":{"OBJECTID":300354,"PRIMENAME":"Atlantic Avenue","ELEVTYP_F":0,"ELEVTYP_T":0},"geometry":{"type":"LineString","coordinates":[[-74.4650272191925,39.3446645540201],[-74.4643626518607,39.3449843335017]]}},{"type":"Feature","id":301072,"properties":{"OBJECTID":301072,"PRIMENAME":"North Newark Avenue","ELEVTYP_F":0,"ELEVTYP_T":0},"geometry":{"type":"LineString","coordinates":[[-74.4919426390914,39.3402954375706],[-74.4917001758965,39.3400442730295],[-74.4910784699482,39.3393913034692],[-74.4903948020698,39.3386716877762]]}},{"type":"Feature","id":301107,"properties":{"OBJECTID":301107,"PRIMENAME":"Atlantic Avenue","ELEVTYP_F":0,"ELEVTYP_T":0},"geometry":{"type":"LineString","coordinates":[[-74.4806325822846,39.3370999692539],[-74.4801022525581,39.3373573430519]]}},{"type":"Feature","id":301490,"properties":{"OBJECTID":301490,"PRIMENAME":"Monmouth Avenue","ELEVTYP_F":0,"ELEVTYP_T":0},"geometry":{"type":"LineString","coordinates":[[-74.5002533303552,39.3339721851801],[-74.5005845074515,39.3337849282177],[-74.5008299468598,39.3336443204962]]}},{"type":"Feature","id":301492,"properties":{"OBJECTID":301492,"PRIMENAME":"South Clarendon Avenue","ELEVTYP_F":0,"ELEVTYP_T":0},"geometry":{"type":"LineString","coordinates":[[-74.4953564196291,39.3318410284174],[-74.4952089312262,39.3316577202845],[-74.4942653359342,39.3304845283749]]}},{"type":"Feature","id":301934,"properties":{"OBJECTID":301934,"PRIMENAME":"South Cornwall Avenue","ELEVTYP_F":0,"ELEVTYP_T":0},"geometry":{"type":"LineString","coordinates":[[-74.4775286871641,39.3375294128751],[-74.4779932835395,39.3381108729283],[-74.4780759599387,39.3382135992382],[-74.4781483034367,39.3383034842595]]}},{"type":"Feature","id":302175,"properties":{"OBJECTID":302175,"PRIMENAME":"Balfour Avenue","ELEVTYP_F":0,"ELEVTYP_T":0},"geometry":{"type":"LineString","coordinates":[[-74.4920838375865,39.3402139002779],[-74.4925082443473,39.3399689586206]]}},{"type":"Feature","id":302200,"properties":{"OBJECTID":302200,"PRIMENAME":"South Portland Avenue","ELEVTYP_F":0,"ELEVTYP_T":0},"geometry":{"type":"LineString","coordinates":[[-74.4811579580665,39.336843553394],[-74.48041694688,39.3359229953023]]}},{"type":"Feature","id":302290,"properties":{"OBJECTID":302290,"PRIMENAME":"North Dudley Avenue","ELEVTYP_F":0,"ELEVTYP_T":0},"geometry":{"type":"LineString","coordinates":[[-74.477894736273,39.3423899734776],[-74.4784611599312,39.3431197998516],[-74.4789123005669,39.3436742351284]]}},{"type":"Feature","id":302305,"properties":{"OBJECTID":302305,"PRIMENAME":"North Colmar Circle","ELEVTYP_F":0,"ELEVTYP_T":0},"geometry":{"type":"LineString","coordinates":[[-74.5066687968946,39.3349019853313],[-74.5064019555576,39.3348339348416],[-74.5062024723326,39.3348011893604],[-74.5059415734294,39.3347624616837],[-74.505561772355,39.3347297241724]]}},{"type":"Feature","id":303228,"properties":{"OBJECTID":303228,"PRIMENAME":"South Fredericksburg Avenue","ELEVTYP_F":0,"ELEVTYP_T":0},"geometry":{"type":"LineString","coordinates":[[-74.491645259207,39.3317583130236],[-74.4914950945235,39.3315728866808],[-74.4909922164683,39.3309511420456]]}},{"type":"Feature","id":303626,"properties":{"OBJECTID":303626,"PRIMENAME":"Wellington Avenue","ELEVTYP_F":0,"ELEVTYP_T":0},"geometry":{"type":"LineString","coordinates":[[-74.5047123494032,39.3375514471362],[-74.5042001025567,39.3378487143906]]}},{"type":"Feature","id":305478,"properties":{"OBJECTID":305478,"PRIMENAME":"Atlantic Avenue","ELEVTYP_F":0,"ELEVTYP_T":0},"geometry":{"type":"LineString","coordinates":[[-74.4737792249596,39.3404182682618],[-74.4735489945615,39.3405298007487]]}},{"type":"Feature","id":305956,"properties":{"OBJECTID":305956,"PRIMENAME":"Monmouth Avenue","ELEVTYP_F":0,"ELEVTYP_T":0},"geometry":{"type":"LineString","coordinates":[[-74.4764049083069,39.3449008266885],[-74.4770329589449,39.3445915683916]]}},{"type":"Feature","id":306154,"properties":{"OBJECTID":306154,"PRIMENAME":"North Dudley Avenue","ELEVTYP_F":0,"ELEVTYP_T":0},"geometry":{"type":"LineString","coordinates":[[-74.4820120403801,39.3475165940467],[-74.4821088685584,39.3476369519998],[-74.4830424499024,39.3487988981197]]}},{"type":"Feature","id":306243,"properties":{"OBJECTID":306243,"PRIMENAME":"Marshall Avenue","ELEVTYP_F":0,"ELEVTYP_T":0},"geometry":{"type":"LineString","coordinates":[[-74.4832120227068,39.3522699454744],[-74.4827588468441,39.352490859858],[-74.4825836962666,39.352578833097]]}},{"type":"Feature","id":306647,"properties":{"OBJECTID":306647,"PRIMENAME":"Balfour Avenue","ELEVTYP_F":0,"ELEVTYP_T":0},"geometry":{"type":"LineString","coordinates":[[-74.4842215125416,39.3446652783012],[-74.4835932120076,39.34497023704]]}},{"type":"Feature","id":306666,"properties":{"OBJECTID":306666,"PRIMENAME":"North Buffalo Avenue","ELEVTYP_F":0,"ELEVTYP_T":0},"geometry":{"type":"LineString","coordinates":[[-74.4874726512287,39.3374561978002],[-74.4874127334243,39.3373786259139],[-74.4867287583484,39.3365247239794],[-74.4864383335923,39.3361604484173]]}},{"type":"Feature","id":306882,"properties":{"OBJECTID":306882,"PRIMENAME":"Fremont Avenue","ELEVTYP_F":0,"ELEVTYP_T":0},"geometry":{"type":"LineString","coordinates":[[-74.4839952289283,39.3465539464974],[-74.4846224829069,39.3462478595194]]}},{"type":"Feature","id":307622,"properties":{"OBJECTID":307622,"PRIMENAME":"Burk Avenue","ELEVTYP_F":0,"ELEVTYP_T":0},"geometry":{"type":"LineString","coordinates":[[-74.4830971030369,39.3541643167755],[-74.483029119402,39.3542035975404],[-74.4825857072253,39.3544525926657]]}},{"type":"Feature","id":307802,"properties":{"OBJECTID":307802,"PRIMENAME":"North Lafayette Avenue","ELEVTYP_F":0,"ELEVTYP_T":0},"geometry":{"type":"LineString","coordinates":[[-74.495590653729,39.3412800977313],[-74.4962725628548,39.3419965522046],[-74.4963307619234,39.3420602261835],[-74.4963716710023,39.3420991335571],[-74.4964120516499,39.3421276356147],[-74.4964560731744,39.3421475980666],[-74.4965037738478,39.3421589938854],[-74.4965499690306,39.3421640371104]]}},{"type":"Feature","id":307914,"properties":{"OBJECTID":307914,"PRIMENAME":"North Clermont Avenue","ELEVTYP_F":0,"ELEVTYP_T":0},"geometry":{"type":"LineString","coordinates":[[-74.5007103701053,39.336788569622],[-74.5012345175623,39.3373446489825],[-74.5023428073609,39.3384999058769],[-74.5026119642848,39.3387701575666]]}},{"type":"Feature","id":307986,"properties":{"OBJECTID":307986,"PRIMENAME":"Marshall Avenue","ELEVTYP_F":0,"ELEVTYP_T":0},"geometry":{"type":"LineString","coordinates":[[-74.4851010852002,39.3513607330055],[-74.4848673259288,39.3514722944238]]}},{"type":"Feature","id":308505,"properties":{"OBJECTID":308505,"PRIMENAME":"North Princeton Avenue","ELEVTYP_F":0,"ELEVTYP_T":0},"geometry":{"type":"LineString","coordinates":[[-74.4827597501035,39.3397468960981],[-74.4837836956721,39.34102636671]]}},{"type":"Feature","id":308957,"properties":{"OBJECTID":308957,"PRIMENAME":"Winchester Avenue","ELEVTYP_F":0,"ELEVTYP_T":0},"geometry":{"type":"LineString","coordinates":[[-74.4817031298043,39.3402563057159],[-74.4811767398134,39.3405125039216]]}},{"type":"Feature","id":309801,"properties":{"OBJECTID":309801,"PRIMENAME":"Monmouth Avenue","ELEVTYP_F":0,"ELEVTYP_T":0},"geometry":{"type":"LineString","coordinates":[[-74.4935920134245,39.3359232309514],[-74.4938034544948,39.335801162352],[-74.4940513936677,39.3356580216051]]}},{"type":"Feature","id":310004,"properties":{"OBJECTID":310004,"PRIMENAME":"North Clermont Avenue","ELEVTYP_F":0,"ELEVTYP_T":0},"geometry":{"type":"LineString","coordinates":[[-74.4970173117461,39.3329369410487],[-74.4972112995898,39.3331252727121],[-74.4973363474045,39.3332525110954],[-74.4976559500379,39.3335919392169]]}},{"type":"Feature","id":310363,"properties":{"OBJECTID":310363,"PRIMENAME":"South Cambridge Avenue","ELEVTYP_F":0,"ELEVTYP_T":0},"geometry":{"type":"LineString","coordinates":[[-74.4801336889798,39.3392193605928],[-74.4799203732495,39.3389627949833],[-74.4797590187531,39.3387628541159],[-74.4793671846366,39.3382554924581],[-74.4793286936369,39.3382070516121]]}},{"type":"Feature","id":311917,"properties":{"OBJECTID":311917,"PRIMENAME":"North Richards Avenue","ELEVTYP_F":0,"ELEVTYP_T":0},"geometry":{"type":"LineString","coordinates":[[-74.4869530218848,39.3377078927927],[-74.4870827918225,39.337868749256],[-74.4879802314967,39.338991198099]]}},{"type":"Feature","id":312021,"properties":{"OBJECTID":312021,"PRIMENAME":"Balfour Avenue","ELEVTYP_F":0,"ELEVTYP_T":0},"geometry":{"type":"LineString","coordinates":[[-74.4803510034629,39.34654262461],[-74.4797228456429,39.3468475894031]]}},{"type":"Feature","id":313072,"properties":{"OBJECTID":313072,"PRIMENAME":"North Brunswick Drive","ELEVTYP_F":0,"ELEVTYP_T":0},"geometry":{"type":"LineString","coordinates":[[-74.4983287358022,39.3350849999815],[-74.4983262960125,39.3350989544499],[-74.4981842830361,39.3359109546449]]}},{"type":"Feature","id":313096,"properties":{"OBJECTID":313096,"PRIMENAME":"South Buffalo Avenue","ELEVTYP_F":0,"ELEVTYP_T":0},"geometry":{"type":"LineString","coordinates":[[-74.4864383335923,39.3361604484173],[-74.486337908444,39.3360345191728],[-74.4858412310358,39.3354209644058],[-74.4853527290571,39.3348107847334]]}},{"type":"Feature","id":313321,"properties":{"OBJECTID":313321,"PRIMENAME":"North Fredericksburg Avenue","ELEVTYP_F":0,"ELEVTYP_T":0},"geometry":{"type":"LineString","coordinates":[[-74.4976044087627,39.3385761803485],[-74.4973667756239,39.3383239556683],[-74.4967778060587,39.3377076180311],[-74.4966598587154,39.3375827403806]]}},{"type":"Feature","id":313537,"properties":{"OBJECTID":313537,"PRIMENAME":"North Douglass Avenue","ELEVTYP_F":0,"ELEVTYP_T":0},"geometry":{"type":"LineString","coordinates":[[-74.4979893899949,39.3323754971425],[-74.498047865682,39.3324387857256],[-74.4985437479163,39.3329578374757],[-74.498622588383,39.3330404836063]]}},{"type":"Feature","id":314208,"properties":{"OBJECTID":314208,"PRIMENAME":"North Dudley Avenue","ELEVTYP_F":0,"ELEVTYP_T":0},"geometry":{"type":"LineString","coordinates":[[-74.4830424499024,39.3487988981197],[-74.4831023733432,39.3488734796086],[-74.484055433738,39.3500532670567]]}},{"type":"Feature","id":314390,"properties":{"OBJECTID":314390,"PRIMENAME":"North Rosborough Avenue","ELEVTYP_F":0,"ELEVTYP_T":0},"geometry":{"type":"LineString","coordinates":[[-74.4901827209065,39.3379244870656],[-74.4902434905882,39.3379994497363],[-74.4906653810839,39.3385408234509]]}},{"type":"Feature","id":314871,"properties":{"OBJECTID":314871,"PRIMENAME":"Amherst Avenue","ELEVTYP_F":0,"ELEVTYP_T":0},"geometry":{"type":"LineString","coordinates":[[-74.5038035033966,39.333473341735],[-74.5041007291579,39.3333015896741],[-74.504333290523,39.3331677563341]]}},{"type":"Feature","id":315974,"properties":{"OBJECTID":315974,"PRIMENAME":"North Brunswick Drive","ELEVTYP_F":0,"ELEVTYP_T":0},"geometry":{"type":"LineString","coordinates":[[-74.4985086886237,39.3373180125897],[-74.4988445205474,39.337124982929]]}},{"type":"Feature","id":316367,"properties":{"OBJECTID":316367,"PRIMENAME":"North Raleigh Avenue","ELEVTYP_F":0,"ELEVTYP_T":0},"geometry":{"type":"LineString","coordinates":[[-74.4658071693983,39.3543490677492],[-74.4645648198569,39.3528166360727]]}},{"type":"Feature","id":316384,"properties":{"OBJECTID":316384,"PRIMENAME":"North Belmont Avenue","ELEVTYP_F":0,"ELEVTYP_T":0},"geometry":{"type":"LineString","coordinates":[[-74.4968763931868,39.3359203170027],[-74.4957203291053,39.3347072366221]]}},{"type":"Feature","id":316485,"properties":{"OBJECTID":316485,"PRIMENAME":"North Douglass Avenue","ELEVTYP_F":0,"ELEVTYP_T":0},"geometry":{"type":"LineString","coordinates":[[-74.5055666222592,39.3401540707634],[-74.5060257649334,39.3406228452666],[-74.5060688738236,39.3406797888032],[-74.5061125503539,39.3407666870186]]}},{"type":"Feature","id":316969,"properties":{"OBJECTID":316969,"PRIMENAME":"North Derby Avenue","ELEVTYP_F":0,"ELEVTYP_T":0},"geometry":{"type":"LineString","coordinates":[[-74.4864549031723,39.3507022379347],[-74.4855944251172,39.3496295350778],[-74.4854076806541,39.3493992590335]]}},{"type":"Feature","id":317113,"properties":{"OBJECTID":317113,"PRIMENAME":"South Vassar Square","ELEVTYP_F":0,"ELEVTYP_T":0},"geometry":{"type":"LineString","coordinates":[[-74.4670145234794,39.3455793907675],[-74.4667297454186,39.3452242925189],[-74.4659400386264,39.3442266958142],[-74.465939048453,39.3442254875354]]}},{"type":"Feature","id":317492,"properties":{"OBJECTID":317492,"PRIMENAME":"Calvert Avenue","ELEVTYP_F":0,"ELEVTYP_T":0},"geometry":{"type":"LineString","coordinates":[[-74.4949570322198,39.3370197870229],[-74.4951122573845,39.3369307788745],[-74.4953431287081,39.3367978003647],[-74.4957085111604,39.3365873447693]]}},{"type":"Feature","id":318093,"properties":{"OBJECTID":318093,"PRIMENAME":"North Hanover Avenue","ELEVTYP_F":0,"ELEVTYP_T":0},"geometry":{"type":"LineString","coordinates":[[-74.5044334572862,39.3315672096434],[-74.5042071021732,39.3313294139222],[-74.5033905093441,39.3304779756555],[-74.5032799873752,39.3303616440607]]}},{"type":"Feature","id":318103,"properties":{"OBJECTID":318103,"PRIMENAME":"North Delavan Avenue","ELEVTYP_F":0,"ELEVTYP_T":0},"geometry":{"type":"LineString","coordinates":[[-74.4981388819091,39.3333174618442],[-74.4980941388852,39.3332703368453],[-74.4975907834262,39.3327401715133],[-74.4974972362753,39.3326597754987]]}},{"type":"Feature","id":318592,"properties":{"OBJECTID":318592,"PRIMENAME":"Winchester Avenue","ELEVTYP_F":0,"ELEVTYP_T":0},"geometry":{"type":"LineString","coordinates":[[-74.4843293594004,39.3389879083343],[-74.4841585948592,39.3390700636875],[-74.4837909971598,39.3392483920661],[-74.4832832634274,39.3394946989031]]}},{"type":"Feature","id":318980,"properties":{"OBJECTID":318980,"PRIMENAME":"Winchester Avenue","ELEVTYP_F":0,"ELEVTYP_T":0},"geometry":{"type":"LineString","coordinates":[[-74.4716137089366,39.3442920546497],[-74.471919818725,39.3441657305383],[-74.4723132315157,39.344003377715]]}},{"type":"Feature","id":319669,"properties":{"OBJECTID":319669,"PRIMENAME":"North Jackson Avenue","ELEVTYP_F":0,"ELEVTYP_T":0},"geometry":{"type":"LineString","coordinates":[[-74.4664985166774,39.3458298141401],[-74.4665363423726,39.3458768492029],[-74.4667884492682,39.3461903273668]]}},{"type":"Feature","id":320509,"properties":{"OBJECTID":320509,"PRIMENAME":"East Colmar Circle","ELEVTYP_F":0,"ELEVTYP_T":0},"geometry":{"type":"LineString","coordinates":[[-74.504011823456,39.3341637103166],[-74.5043187659954,39.3344378007245],[-74.5044645490412,39.3345718678253],[-74.5046400701647,39.334761504752],[-74.5048098661987,39.3349800001093],[-74.5048394586775,39.3350309651142],[-74.5048980915423,39.3351319420624]]}},{"type":"Feature","id":320545,"properties":{"OBJECTID":320545,"PRIMENAME":"Atlantic Avenue","ELEVTYP_F":0,"ELEVTYP_T":0},"geometry":{"type":"LineString","coordinates":[[-74.4879717253252,39.3335377188118],[-74.4876556537626,39.3336894665504]]}},{"type":"Feature","id":320650,"properties":{"OBJECTID":320650,"PRIMENAME":"Fulton Avenue","ELEVTYP_F":0,"ELEVTYP_T":0},"geometry":{"type":"LineString","coordinates":[[-74.4948393358061,39.3417008967788],[-74.495590653729,39.3412800977313]]}},{"type":"Feature","id":321319,"properties":{"OBJECTID":321319,"PRIMENAME":"South Avolyn Avenue","ELEVTYP_F":0,"ELEVTYP_T":0},"geometry":{"type":"LineString","coordinates":[[-74.4848349697204,39.3369379660112],[-74.4843831904518,39.3363757816437],[-74.48382951202,39.335698977166],[-74.4837610164886,39.3355831275199]]}},{"type":"Feature","id":321506,"properties":{"OBJECTID":321506,"PRIMENAME":"Balfour Avenue","ELEVTYP_F":0,"ELEVTYP_T":0},"geometry":{"type":"LineString","coordinates":[[-74.4835932120076,39.34497023704],[-74.4829649756362,39.3452751365298]]}},{"type":"Feature","id":321911,"properties":{"OBJECTID":321911,"PRIMENAME":"Argyle Court","ELEVTYP_F":0,"ELEVTYP_T":0},"geometry":{"type":"LineString","coordinates":[[-74.5026214956657,39.3430629225554],[-74.5025896656696,39.3429126245273],[-74.5025826959778,39.3428263277568],[-74.5025861580638,39.3427400037287],[-74.5026104816754,39.3426320975689],[-74.5026278419202,39.3425781448194],[-74.5026831897596,39.3424568887965],[-74.5027251102874,39.342365049992]]}},{"type":"Feature","id":322773,"properties":{"OBJECTID":322773,"PRIMENAME":"North Troy Avenue","ELEVTYP_F":0,"ELEVTYP_T":0},"geometry":{"type":"LineString","coordinates":[[-74.4864198480661,39.3379577164894],[-74.4854215211333,39.3367364254083],[-74.4853821460512,39.3366726374819]]}},{"type":"Feature","id":323150,"properties":{"OBJECTID":323150,"PRIMENAME":"East Colmar Circle","ELEVTYP_F":0,"ELEVTYP_T":0},"geometry":{"type":"LineString","coordinates":[[-74.5029311211108,39.3339762399899],[-74.5031486347134,39.3340386156575],[-74.5033749856866,39.3340833094897],[-74.5036626796708,39.334125007562],[-74.504011823456,39.3341637103166]]}},{"type":"Feature","id":323564,"properties":{"OBJECTID":323564,"PRIMENAME":"East Drive","ELEVTYP_F":0,"ELEVTYP_T":0},"geometry":{"type":"LineString","coordinates":[[-74.4948285930711,39.3344106390659],[-74.494841002768,39.3344230231021],[-74.494851713838,39.3344411722696],[-74.4948527378968,39.3344597606053],[-74.4948486349524,39.3344769209246],[-74.4948271335826,39.3345555835261],[-74.4946675372001,39.3349893397143],[-74.49456069564,39.3353752415071]]}},{"type":"Feature","id":323740,"properties":{"OBJECTID":323740,"PRIMENAME":"Fremont Avenue","ELEVTYP_F":0,"ELEVTYP_T":0},"geometry":{"type":"LineString","coordinates":[[-74.4976044087627,39.3385761803485],[-74.49763525269,39.3385584403663],[-74.4979812411833,39.338359439251],[-74.498359106046,39.3381421006017]]}},{"type":"Feature","id":325206,"properties":{"OBJECTID":325206,"PRIMENAME":"Wellington Avenue","ELEVTYP_F":0,"ELEVTYP_T":0},"geometry":{"type":"LineString","coordinates":[[-74.4834275081219,39.3503564951083],[-74.482798940954,39.3506609816976]]}},{"type":"Feature","id":326141,"properties":{"OBJECTID":326141,"PRIMENAME":"North Lafayette Avenue","ELEVTYP_F":0,"ELEVTYP_T":0},"geometry":{"type":"LineString","coordinates":[[-74.4919354515812,39.3379193771275],[-74.4914517590629,39.337303019743]]}},{"type":"Feature","id":326412,"properties":{"OBJECTID":326412,"PRIMENAME":"Atlantic Avenue","ELEVTYP_F":0,"ELEVTYP_T":0},"geometry":{"type":"LineString","coordinates":[[-74.4781483034367,39.3383034842595],[-74.4778147541865,39.3384647027416],[-74.4772204665449,39.3387506330367]]}},{"type":"Feature","id":326658,"properties":{"OBJECTID":326658,"PRIMENAME":"South Clermont Avenue","ELEVTYP_F":0,"ELEVTYP_T":0},"geometry":{"type":"LineString","coordinates":[[-74.4947859109099,39.3302334049116],[-74.495607370826,39.3312432470789],[-74.4958783789792,39.3315861663078]]}},{"type":"Feature","id":326959,"properties":{"OBJECTID":326959,"PRIMENAME":"North Dorset Avenue","ELEVTYP_F":0,"ELEVTYP_T":0},"geometry":{"type":"LineString","coordinates":[[-74.4837188172595,39.3484701174213],[-74.4844749955396,39.3494061403866],[-74.4845046682471,39.349443254165]]}},{"type":"Feature","id":327075,"properties":{"OBJECTID":327075,"PRIMENAME":"South Brunswick Avenue","ELEVTYP_F":0,"ELEVTYP_T":0},"geometry":{"type":"LineString","coordinates":[[-74.49374405062,39.3307381753441],[-74.493929110925,39.3309650615128],[-74.494617254708,39.3318327046054],[-74.494778997444,39.3320334358663],[-74.4948295418038,39.3320961627051]]}},{"type":"Feature","id":327391,"properties":{"OBJECTID":327391,"PRIMENAME":"North Gladstone Avenue","ELEVTYP_F":0,"ELEVTYP_T":0},"geometry":{"type":"LineString","coordinates":[[-74.5032002087837,39.333821925299],[-74.5022473707583,39.3328291345324]]}},{"type":"Feature","id":327708,"properties":{"OBJECTID":327708,"PRIMENAME":"Amherst Avenue","ELEVTYP_F":0,"ELEVTYP_T":0},"geometry":{"type":"LineString","coordinates":[[-74.4992701287666,39.3360782340406],[-74.4997639267457,39.3357968579868]]}},{"type":"Feature","id":328527,"properties":{"OBJECTID":328527,"PRIMENAME":"North Nashville Avenue","ELEVTYP_F":0,"ELEVTYP_T":0},"geometry":{"type":"LineString","coordinates":[[-74.4696398767196,39.3443054497941],[-74.4697564354855,39.3444496839433],[-74.4706746066415,39.3455975308811]]}},{"type":"Feature","id":328548,"properties":{"OBJECTID":328548,"PRIMENAME":"Atlantic Avenue","ELEVTYP_F":0,"ELEVTYP_T":0},"geometry":{"type":"LineString","coordinates":[[-74.4762965077551,39.3391970347036],[-74.4753804215047,39.3396420290011]]}},{"type":"Feature","id":328605,"properties":{"OBJECTID":328605,"PRIMENAME":"Callender Avenue","ELEVTYP_F":0,"ELEVTYP_T":0},"geometry":{"type":"LineString","coordinates":[[-74.4667884492682,39.3461903273668],[-74.4673036142097,39.3459399799579]]}},{"type":"Feature","id":330078,"properties":{"OBJECTID":330078,"PRIMENAME":"Burk Avenue","ELEVTYP_F":0,"ELEVTYP_T":0},"geometry":{"type":"LineString","coordinates":[[-74.4893695832535,39.3510678528308],[-74.4888545636502,39.3513191165426],[-74.4887416002694,39.3513740470402]]}},{"type":"Feature","id":330954,"properties":{"OBJECTID":330954,"PRIMENAME":"North Surrey Avenue","ELEVTYP_F":0,"ELEVTYP_T":0},"geometry":{"type":"LineString","coordinates":[[-74.4732267651989,39.343309291282],[-74.4734445185331,39.3435848428856]]}},{"type":"Feature","id":331505,"properties":{"OBJECTID":331505,"PRIMENAME":"North Harvard Avenue","ELEVTYP_F":0,"ELEVTYP_T":0},"geometry":{"type":"LineString","coordinates":[[-74.4848495256651,39.3443604809655],[-74.4845741025983,39.3440146815544],[-74.4839616130102,39.3432478399982],[-74.4838859261883,39.3431582653799]]}},{"type":"Feature","id":331935,"properties":{"OBJECTID":331935,"PRIMENAME":"East Drive","ELEVTYP_F":0,"ELEVTYP_T":0},"geometry":{"type":"LineString","coordinates":[[-74.4940110675285,39.3333993913901],[-74.494035426648,39.3334138894376],[-74.4940538070476,39.3334591670831],[-74.4940967862724,39.3336212472974],[-74.4941673417807,39.3337952448406],[-74.4942287117109,39.333900105325],[-74.4944097864131,39.3341193848381],[-74.4945386874426,39.3342218873427],[-74.494695201298,39.3343195860234],[-74.494774997185,39.3343672823118],[-74.4948210282543,39.3344030331597],[-74.4948285930711,39.3344106390659]]}},{"type":"Feature","id":332021,"properties":{"OBJECTID":332021,"PRIMENAME":"Belmont Drive","ELEVTYP_F":0,"ELEVTYP_T":0},"geometry":{"type":"LineString","coordinates":[[-74.498404588775,39.3378915193404],[-74.498359106046,39.3381421006017]]}},{"type":"Feature","id":332622,"properties":{"OBJECTID":332622,"PRIMENAME":"Fremont Avenue","ELEVTYP_F":0,"ELEVTYP_T":0},"geometry":{"type":"LineString","coordinates":[[-74.4833663445422,39.3468579967133],[-74.4839952289283,39.3465539464974]]}},{"type":"Feature","id":332861,"properties":{"OBJECTID":332861,"PRIMENAME":"South Essex Avenue","ELEVTYP_F":0,"ELEVTYP_T":0},"geometry":{"type":"LineString","coordinates":[[-74.4965627436763,39.3293717085977],[-74.4976498239419,39.3307226418732]]}},{"type":"Feature","id":333323,"properties":{"OBJECTID":333323,"PRIMENAME":"South Melbourne Avenue","ELEVTYP_F":0,"ELEVTYP_T":0},"geometry":{"type":"LineString","coordinates":[[-74.4900106710725,39.3344282822303],[-74.4898904108965,39.3342791538524],[-74.489194778613,39.333407842299]]}},{"type":"Feature","id":333395,"properties":{"OBJECTID":333395,"PRIMENAME":"North Newark Avenue","ELEVTYP_F":0,"ELEVTYP_T":0},"geometry":{"type":"LineString","coordinates":[[-74.4895572641244,39.3382289020769],[-74.4886063926663,39.3370466856622],[-74.4885248748154,39.3369451424859]]}},{"type":"Feature","id":333517,"properties":{"OBJECTID":333517,"PRIMENAME":"North Avolyn Avenue","ELEVTYP_F":0,"ELEVTYP_T":0},"geometry":{"type":"LineString","coordinates":[[-74.4858936360884,39.3382038047063],[-74.4860320285238,39.338380917643],[-74.4869262060386,39.3394984592864]]}},{"type":"Feature","id":333541,"properties":{"OBJECTID":333541,"PRIMENAME":"North Washington Avenue","ELEVTYP_F":0,"ELEVTYP_T":0},"geometry":{"type":"LineString","coordinates":[[-74.4946757783977,39.3367251022544],[-74.4947387519286,39.3367907870197],[-74.4949570322198,39.3370197870229]]}},{"type":"Feature","id":333920,"properties":{"OBJECTID":333920,"PRIMENAME":"North Harvard Avenue","ELEVTYP_F":0,"ELEVTYP_T":0},"geometry":{"type":"LineString","coordinates":[[-74.4869081676083,39.3469219840729],[-74.4865558640476,39.3464831566982],[-74.485878280489,39.3456371870917]]}},{"type":"Feature","id":333943,"properties":{"OBJECTID":333943,"PRIMENAME":"North Suffolk Avenue","ELEVTYP_F":0,"ELEVTYP_T":0},"geometry":{"type":"LineString","coordinates":[[-74.4801190574069,39.3484292514642],[-74.4795803507724,39.347764429542],[-74.4790883862629,39.3471556250289]]}},{"type":"Feature","id":334198,"properties":{"OBJECTID":334198,"PRIMENAME":"North Suffolk Avenue","ELEVTYP_F":0,"ELEVTYP_T":0},"geometry":{"type":"LineString","coordinates":[[-74.4811534781469,39.3497135779483],[-74.4805968648785,39.3490188843669],[-74.4801190574069,39.3484292514642]]}},{"type":"Feature","id":334201,"properties":{"OBJECTID":334201,"PRIMENAME":"North Surrey Avenue","ELEVTYP_F":0,"ELEVTYP_T":0},"geometry":{"type":"LineString","coordinates":[[-74.4784631529477,39.3474561902572],[-74.4787632358541,39.3478282571735],[-74.4794904916731,39.3487387999633]]}},{"type":"Feature","id":334620,"properties":{"OBJECTID":334620,"PRIMENAME":"Winchester Avenue","ELEVTYP_F":0,"ELEVTYP_T":0},"geometry":{"type":"LineString","coordinates":[[-74.4848550888855,39.3387349359408],[-74.4843293594004,39.3389879083343]]}},{"type":"Feature","id":334876,"properties":{"OBJECTID":334876,"PRIMENAME":"South Baltimore Avenue","ELEVTYP_F":0,"ELEVTYP_T":0},"geometry":{"type":"LineString","coordinates":[[-74.4895446393321,39.3327764370303],[-74.4896821111906,39.3329484389959],[-74.4906305770493,39.3341272971364]]}},{"type":"Feature","id":335125,"properties":{"OBJECTID":335125,"PRIMENAME":"North Tallahassee Avenue","ELEVTYP_F":0,"ELEVTYP_T":0},"geometry":{"type":"LineString","coordinates":[[-74.4658199596529,39.3486399294877],[-74.4654307794683,39.3481488317543]]}},{"type":"Feature","id":335461,"properties":{"OBJECTID":335461,"PRIMENAME":"Suffolk Court","ELEVTYP_F":0,"ELEVTYP_T":0},"geometry":{"type":"LineString","coordinates":[[-74.4818238549157,39.3516356129144],[-74.482758714805,39.35117726123]]}},{"type":"Feature","id":335643,"properties":{"OBJECTID":335643,"PRIMENAME":"Burk Court","ELEVTYP_F":0,"ELEVTYP_T":0},"geometry":{"type":"LineString","coordinates":[[-74.482977991623,39.3519753003682],[-74.4827201417208,39.3520975600745],[-74.4826442805584,39.351995790481],[-74.4829064456138,39.3518672799461]]}},{"type":"Feature","id":335774,"properties":{"OBJECTID":335774,"PRIMENAME":"North Wissahickon Avenue","ELEVTYP_F":0,"ELEVTYP_T":0},"geometry":{"type":"LineString","coordinates":[[-74.4913725387437,39.3406244942491],[-74.4912933792203,39.3405422828886],[-74.4905308584652,39.3397374633333],[-74.4897920413497,39.3389632278574]]}},{"type":"Feature","id":336647,"properties":{"OBJECTID":336647,"PRIMENAME":"South Frankfort Avenue","ELEVTYP_F":0,"ELEVTYP_T":0},"geometry":{"type":"LineString","coordinates":[[-74.4696052503246,39.342445598503],[-74.4697370729267,39.3426115823133],[-74.4706910574538,39.3438009536191]]}},{"type":"Feature","id":336903,"properties":{"OBJECTID":336903,"PRIMENAME":"Marshall Avenue","ELEVTYP_F":0,"ELEVTYP_T":0},"geometry":{"type":"LineString","coordinates":[[-74.4820647430166,39.3528652382657],[-74.4815617996943,39.3531742125562]]}},{"type":"Feature","id":337483,"properties":{"OBJECTID":337483,"PRIMENAME":"Fulton Avenue","ELEVTYP_F":0,"ELEVTYP_T":0},"geometry":{"type":"LineString","coordinates":[[-74.4939780338042,39.3421955726529],[-74.4947387684314,39.3417572345009],[-74.4948393358061,39.3417008967788]]}},{"type":"Feature","id":337668,"properties":{"OBJECTID":337668,"PRIMENAME":"South Sacramento Avenue","ELEVTYP_F":0,"ELEVTYP_T":0},"geometry":{"type":"LineString","coordinates":[[-74.4807285520553,39.3381354546266],[-74.4807356456039,39.3381442522407],[-74.4809378907657,39.3383950782024],[-74.4811889986023,39.338706504896]]}},{"type":"Feature","id":338658,"properties":{"OBJECTID":338658,"PRIMENAME":"Martindale Avenue","ELEVTYP_F":0,"ELEVTYP_T":0},"geometry":{"type":"LineString","coordinates":[[-74.4912403897822,39.3321778761584],[-74.4911157874674,39.3320149139595]]}},{"type":"Feature","id":339155,"properties":{"OBJECTID":339155,"PRIMENAME":"South Newark Avenue","ELEVTYP_F":0,"ELEVTYP_T":0},"geometry":{"type":"LineString","coordinates":[[-74.4864004017329,39.3343020818253],[-74.4862446258002,39.3341086570164],[-74.4857560935289,39.3334982599979]]}},{"type":"Feature","id":339916,"properties":{"OBJECTID":339916,"PRIMENAME":"Winchester Avenue","ELEVTYP_F":0,"ELEVTYP_T":0},"geometry":{"type":"LineString","coordinates":[[-74.4732267651989,39.343309291282],[-74.4741435137587,39.3428647530654]]}},{"type":"Feature","id":340202,"properties":{"OBJECTID":340202,"PRIMENAME":"North Little Rock Avenue","ELEVTYP_F":0,"ELEVTYP_T":0},"geometry":{"type":"LineString","coordinates":[[-74.4815617996943,39.3531742125562],[-74.4816668365698,39.353305088125],[-74.4822613942491,39.3540467879692],[-74.4825136167703,39.3543658455095],[-74.4825857072253,39.3544525926657]]}},{"type":"Feature","id":340474,"properties":{"OBJECTID":340474,"PRIMENAME":"Winchester Avenue","ELEVTYP_F":0,"ELEVTYP_T":0},"geometry":{"type":"LineString","coordinates":[[-74.4937676242433,39.3344041625135],[-74.4932496676249,39.3346547598221]]}},{"type":"Feature","id":341008,"properties":{"OBJECTID":341008,"PRIMENAME":"North Dudley Avenue","ELEVTYP_F":0,"ELEVTYP_T":0},"geometry":{"type":"LineString","coordinates":[[-74.4789123005669,39.3436742351284],[-74.4793049822252,39.3441567220687],[-74.4799504135562,39.3449545654044]]}},{"type":"Feature","id":341345,"properties":{"OBJECTID":341345,"PRIMENAME":"Marion Avenue","ELEVTYP_F":0,"ELEVTYP_T":0},"geometry":{"type":"LineString","coordinates":[[-74.4672262864835,39.3437964723502],[-74.4671877677741,39.3437492508314],[-74.467154148797,39.3437283470103],[-74.4671003760957,39.3437048287328],[-74.467045150404,39.3436874058153]]}},{"type":"Feature","id":341389,"properties":{"OBJECTID":341389,"PRIMENAME":"North Dorset Avenue","ELEVTYP_F":0,"ELEVTYP_T":0},"geometry":{"type":"LineString","coordinates":[[-74.4826863492497,39.3471867478918],[-74.4835571470414,39.3482699893265],[-74.4837188172595,39.3484701174213]]}},{"type":"Feature","id":341453,"properties":{"OBJECTID":341453,"PRIMENAME":"Fulton Avenue","ELEVTYP_F":0,"ELEVTYP_T":0},"geometry":{"type":"LineString","coordinates":[[-74.4830424499024,39.3487988981197],[-74.4832656897434,39.3486903664303],[-74.4837188172595,39.3484701174213]]}},{"type":"Feature","id":342453,"properties":{"OBJECTID":342453,"PRIMENAME":"North Dorset Avenue","ELEVTYP_F":0,"ELEVTYP_T":0},"geometry":{"type":"LineString","coordinates":[[-74.4778125810147,39.3410900421062],[-74.4780487016405,39.341372972663]]}},{"type":"Feature","id":343403,"properties":{"OBJECTID":343403,"PRIMENAME":"South Barclay Avenue","ELEVTYP_F":0,"ELEVTYP_T":0},"geometry":{"type":"LineString","coordinates":[[-74.4932154072459,39.3309958560878],[-74.4936132426191,39.3314848576436],[-74.4943086352572,39.3323483852595]]}},{"type":"Feature","id":343521,"properties":{"OBJECTID":343521,"PRIMENAME":"Fulton Avenue","ELEVTYP_F":0,"ELEVTYP_T":0},"geometry":{"type":"LineString","coordinates":[[-74.4928144755099,39.34286556338],[-74.4931156567767,39.3426924661534],[-74.4932654161867,39.3426061779831]]}},{"type":"Feature","id":344070,"properties":{"OBJECTID":344070,"PRIMENAME":"North Kingston Avenue","ELEVTYP_F":0,"ELEVTYP_T":0},"geometry":{"type":"LineString","coordinates":[[-74.464387449703,39.3486588566527],[-74.4633497179061,39.3473608173005]]}},{"type":"Feature","id":344171,"properties":{"OBJECTID":344171,"PRIMENAME":"Marshall Avenue","ELEVTYP_F":0,"ELEVTYP_T":0},"geometry":{"type":"LineString","coordinates":[[-74.48337310583,39.352191419684],[-74.4832120227068,39.3522699454744]]}},{"type":"Feature","id":344400,"properties":{"OBJECTID":344400,"PRIMENAME":"Calvert Avenue","ELEVTYP_F":0,"ELEVTYP_T":0},"geometry":{"type":"LineString","coordinates":[[-74.4819322851478,39.3439924730198],[-74.4817737415693,39.3440702613625],[-74.4812918844703,39.3443039799087]]}},{"type":"Feature","id":344708,"properties":{"OBJECTID":344708,"PRIMENAME":"Monmouth Avenue","ELEVTYP_F":0,"ELEVTYP_T":0},"geometry":{"type":"LineString","coordinates":[[-74.4901827209065,39.3379244870656],[-74.4905721787122,39.3377344629901],[-74.4908101527423,39.337617735727]]}},{"type":"Feature","id":344824,"properties":{"OBJECTID":344824,"PRIMENAME":"South Nashville Avenue","ELEVTYP_F":0,"ELEVTYP_T":0},"geometry":{"type":"LineString","coordinates":[[-74.4677591181226,39.341963441891],[-74.4685527357653,39.3429565930001]]}},{"type":"Feature","id":345172,"properties":{"OBJECTID":345172,"PRIMENAME":"Winchester Avenue","ELEVTYP_F":0,"ELEVTYP_T":0},"geometry":{"type":"LineString","coordinates":[[-74.4811767398134,39.3405125039216],[-74.4808147180102,39.3406886627069],[-74.4807150629887,39.3407369424129]]}},{"type":"Feature","id":345303,"properties":{"OBJECTID":345303,"PRIMENAME":"Wellington Avenue","ELEVTYP_F":0,"ELEVTYP_T":0},"geometry":{"type":"LineString","coordinates":[[-74.484055433738,39.3500532670567],[-74.4837780424997,39.3501866686037],[-74.4834275081219,39.3503564951083]]}},{"type":"Feature","id":345932,"properties":{"OBJECTID":345932,"PRIMENAME":"South Douglass Avenue","ELEVTYP_F":0,"ELEVTYP_T":0},"geometry":{"type":"LineString","coordinates":[[-74.4958420732342,39.3297225568344],[-74.4964482131596,39.3304764333047],[-74.4968870907533,39.3310243201939],[-74.4969269887397,39.3310741281721]]}},{"type":"Feature","id":346020,"properties":{"OBJECTID":346020,"PRIMENAME":"North Surrey Avenue","ELEVTYP_F":0,"ELEVTYP_T":0},"geometry":{"type":"LineString","coordinates":[[-74.4805222533091,39.3500184364915],[-74.4807824094993,39.3503407125242],[-74.4815337945436,39.3512757923386]]}},{"type":"Feature","id":346780,"properties":{"OBJECTID":346780,"PRIMENAME":"North Somerset Avenue","ELEVTYP_F":0,"ELEVTYP_T":0},"geometry":{"type":"LineString","coordinates":[[-74.4766256289282,39.3430075045018],[-74.4772918022874,39.3438327128543],[-74.477658847013,39.3442833503151]]}},{"type":"Feature","id":346783,"properties":{"OBJECTID":346783,"PRIMENAME":"Monmouth Avenue","ELEVTYP_F":0,"ELEVTYP_T":0},"geometry":{"type":"LineString","coordinates":[[-74.4832603494727,39.3412816685113],[-74.4837836956721,39.34102636671]]}},{"type":"Feature","id":346903,"properties":{"OBJECTID":346903,"PRIMENAME":"Winchester Avenue","ELEVTYP_F":0,"ELEVTYP_T":0},"geometry":{"type":"LineString","coordinates":[[-74.4637473136524,39.348979519059],[-74.464387449703,39.3486588566527]]}},{"type":"Feature","id":347004,"properties":{"OBJECTID":347004,"PRIMENAME":"Ventnor Gardens Plaza","ELEVTYP_F":0,"ELEVTYP_T":0},"geometry":{"type":"LineString","coordinates":[[-74.4919354515812,39.3379193771275],[-74.4925758530417,39.3376120406476]]}},{"type":"Feature","id":347021,"properties":{"OBJECTID":347021,"PRIMENAME":"Winchester Avenue","ELEVTYP_F":0,"ELEVTYP_T":0},"geometry":{"type":"LineString","coordinates":[[-74.4798544322085,39.3404304888005],[-74.4796229991411,39.3405380208744]]}},{"type":"Feature","id":347278,"properties":{"OBJECTID":347278,"PRIMENAME":"South Fredericksburg Avenue","ELEVTYP_F":0,"ELEVTYP_T":0},"geometry":{"type":"LineString","coordinates":[[-74.4927320000365,39.3331081665286],[-74.4924966697471,39.3328098326593],[-74.491645259207,39.3317583130236]]}},{"type":"Feature","id":347330,"properties":{"OBJECTID":347330,"PRIMENAME":"Fulton Avenue","ELEVTYP_F":0,"ELEVTYP_T":0},"geometry":{"type":"LineString","coordinates":[[-74.4850192604664,39.347838291662],[-74.4856475456454,39.3475335181489]]}},{"type":"Feature","id":350423,"properties":{"OBJECTID":350423,"PRIMENAME":"Crossan Avenue","ELEVTYP_F":0,"ELEVTYP_T":0},"geometry":{"type":"LineString","coordinates":[[-74.4639767554733,39.3573757049647],[-74.4644127699487,39.3571661241964]]}},{"type":"Feature","id":350473,"properties":{"OBJECTID":350473,"PRIMENAME":"Ventnor Avenue","ELEVTYP_F":0,"ELEVTYP_T":0},"geometry":{"type":"LineString","coordinates":[[-74.4921900402266,39.3333708934418],[-74.4916818437297,39.3336172560528]]}},{"type":"Feature","id":350509,"properties":{"OBJECTID":350509,"PRIMENAME":"Ventnor Avenue","ELEVTYP_F":0,"ELEVTYP_T":0},"geometry":{"type":"LineString","coordinates":[[-74.4916818437297,39.3336172560528],[-74.4911580504102,39.3338711658723]]}},{"type":"Feature","id":350662,"properties":{"OBJECTID":350662,"PRIMENAME":"Ventnor Avenue","ELEVTYP_F":0,"ELEVTYP_T":0},"geometry":{"type":"LineString","coordinates":[[-74.4911580504102,39.3338711658723],[-74.4911385327322,39.3338806364453],[-74.4906305770493,39.3341272971364]]}},{"type":"Feature","id":350688,"properties":{"OBJECTID":350688,"PRIMENAME":"North Burghley Avenue","ELEVTYP_F":0,"ELEVTYP_T":0},"geometry":{"type":"LineString","coordinates":[[-74.4829649756362,39.3452751365298],[-74.4819322851478,39.3439924730198]]}},{"type":"Feature","id":350780,"properties":{"OBJECTID":350780,"PRIMENAME":"Ventnor Avenue","ELEVTYP_F":0,"ELEVTYP_T":0},"geometry":{"type":"LineString","coordinates":[[-74.4932575833638,39.3328543866202],[-74.4928210995311,39.3330652843061],[-74.4927320000365,39.3331081665286]]}},{"type":"Feature","id":351289,"properties":{"OBJECTID":351289,"PRIMENAME":"Crossan Avenue","ELEVTYP_F":0,"ELEVTYP_T":0},"geometry":{"type":"LineString","coordinates":[[-74.4652831278585,39.3567478643531],[-74.4657084980396,39.3565185063499],[-74.4657649557402,39.3564946911344],[-74.4658215119806,39.3564876508086],[-74.4658735336856,39.3564947230206]]}},{"type":"Feature","id":351582,"properties":{"OBJECTID":351582,"PRIMENAME":"Ventnor Avenue","ELEVTYP_F":0,"ELEVTYP_T":0},"geometry":{"type":"LineString","coordinates":[[-74.4746348122938,39.34188511953],[-74.4745388282666,39.3419318021009],[-74.4737182919857,39.3423295518454]]}},{"type":"Feature","id":351804,"properties":{"OBJECTID":351804,"PRIMENAME":"Ventnor Avenue","ELEVTYP_F":0,"ELEVTYP_T":0},"geometry":{"type":"LineString","coordinates":[[-74.4755537255531,39.3414382635849],[-74.4746348122938,39.34188511953]]}},{"type":"Feature","id":352275,"properties":{"OBJECTID":352275,"PRIMENAME":"North Cornwall Avenue","ELEVTYP_F":0,"ELEVTYP_T":0},"geometry":{"type":"LineString","coordinates":[[-74.4835932120076,39.34497023704],[-74.4837474853403,39.3451618794171],[-74.4846224829069,39.3462478595194]]}},{"type":"Feature","id":352654,"properties":{"OBJECTID":352654,"PRIMENAME":"Ventnor Avenue","ELEVTYP_F":0,"ELEVTYP_T":0},"geometry":{"type":"LineString","coordinates":[[-74.4906305770493,39.3341272971364],[-74.4900106710725,39.3344282822303]]}},{"type":"Feature","id":352867,"properties":{"OBJECTID":352867,"PRIMENAME":"North Cornwall Avenue","ELEVTYP_F":0,"ELEVTYP_T":0},"geometry":{"type":"LineString","coordinates":[[-74.4877123560204,39.3500936876114],[-74.4878260985018,39.3502354863512],[-74.4887416002694,39.3513740470402]]}},{"type":"Feature","id":354047,"properties":{"OBJECTID":354047,"PRIMENAME":"North Swarthmore Avenue","ELEVTYP_F":0,"ELEVTYP_T":0},"geometry":{"type":"LineString","coordinates":[[-74.4979875950293,39.3414280231853],[-74.4984268395551,39.3418769165565],[-74.4987718752369,39.3422416849087],[-74.4988735836635,39.3423470791929],[-74.4989470476088,39.3424232039367]]}},{"type":"Feature","id":354101,"properties":{"OBJECTID":354101,"PRIMENAME":"Ventnor Avenue","ELEVTYP_F":0,"ELEVTYP_T":0},"geometry":{"type":"LineString","coordinates":[[-74.4976498239419,39.3307226418732],[-74.4974231987242,39.3308335354246],[-74.4974061928456,39.3308417991172]]}},{"type":"Feature","id":354141,"properties":{"OBJECTID":354141,"PRIMENAME":"North Cornwall Avenue","ELEVTYP_F":0,"ELEVTYP_T":0},"geometry":{"type":"LineString","coordinates":[[-74.4856475456454,39.3475335181489],[-74.4857577430478,39.3476719413921],[-74.4866641297968,39.3487894847594]]}},{"type":"Feature","id":355183,"properties":{"OBJECTID":355183,"PRIMENAME":"North Burghley Avenue","ELEVTYP_F":0,"ELEVTYP_T":0},"geometry":{"type":"LineString","coordinates":[[-74.4860355187939,39.3490939069334],[-74.4851291740822,39.3479764136846],[-74.4850192604664,39.347838291662]]}},{"type":"Feature","id":355267,"properties":{"OBJECTID":355267,"PRIMENAME":"Hart Drive","ELEVTYP_F":0,"ELEVTYP_T":0},"geometry":{"type":"LineString","coordinates":[[-74.4836188592782,39.3538625315253],[-74.4837573575061,39.3540420635802],[-74.4838031223939,39.3541013901392],[-74.4838207045915,39.354136109826],[-74.4838305599234,39.3541726219509],[-74.4838324055001,39.354209900453],[-74.4838261916585,39.3542468922784],[-74.4838120973137,39.3542825552127],[-74.4837905160304,39.354315885805],[-74.4837177678306,39.3544026714547],[-74.4836390736032,39.35448627546],[-74.4835546666195,39.3545664456149],[-74.4834647905923,39.3546429513341],[-74.4833697136033,39.3547155692425],[-74.4832539639107,39.3547993064077],[-74.4832187542645,39.3548182075481],[-74.4831800798519,39.3548324536893],[-74.4831389502426,39.3548416729394],[-74.4830964480771,39.3548456258373],[-74.4830536814915,39.3548442089497],[-74.4830117643906,39.3548374566697],[-74.4829718013606,39.354825548421],[-74.4829348319761,39.3548087960385],[-74.4829018226788,39.3547876356593],[-74.4828736389305,39.3547626223133],[-74.4825857072253,39.3544525926657]]}},{"type":"Feature","id":355577,"properties":{"OBJECTID":355577,"PRIMENAME":"Ventnor Avenue","ELEVTYP_F":0,"ELEVTYP_T":0},"geometry":{"type":"LineString","coordinates":[[-74.4696398767196,39.3443054497941],[-74.4692599831535,39.3444867574362],[-74.4690340461722,39.3445971010809]]}},{"type":"Feature","id":355848,"properties":{"OBJECTID":355848,"PRIMENAME":"Ventnor Avenue","ELEVTYP_F":0,"ELEVTYP_T":0},"geometry":{"type":"LineString","coordinates":[[-74.4710671626455,39.3436142588899],[-74.4706910574538,39.3438009536191]]}},{"type":"Feature","id":357898,"properties":{"OBJECTID":357898,"PRIMENAME":"Ventnor Avenue","ELEVTYP_F":0,"ELEVTYP_T":0},"geometry":{"type":"LineString","coordinates":[[-74.478311527505,39.3401009491807],[-74.4773867083468,39.340548429402]]}},{"type":"Feature","id":358803,"properties":{"OBJECTID":358803,"PRIMENAME":"Ventnor Avenue","ELEVTYP_F":0,"ELEVTYP_T":0},"geometry":{"type":"LineString","coordinates":[[-74.4737182919857,39.3423295518454],[-74.4730783311003,39.3426397498897],[-74.4728002750484,39.3427741684318]]}},{"type":"Feature","id":359152,"properties":{"OBJECTID":359152,"PRIMENAME":"North Clarendon Avenue","ELEVTYP_F":0,"ELEVTYP_T":0},"geometry":{"type":"LineString","coordinates":[[-74.5002284139172,39.3370662157489],[-74.5007901079607,39.3376612391578]]}},{"type":"Feature","id":361009,"properties":{"OBJECTID":361009,"PRIMENAME":"Ventnor Avenue","ELEVTYP_F":0,"ELEVTYP_T":0},"geometry":{"type":"LineString","coordinates":[[-74.4664985166774,39.3458298141401],[-74.4659667174729,39.3460873145817]]}},{"type":"Feature","id":364704,"properties":{"OBJECTID":364704,"PRIMENAME":"Ventnor Avenue","ELEVTYP_F":0,"ELEVTYP_T":0},"geometry":{"type":"LineString","coordinates":[[-74.4983647319949,39.3303727165687],[-74.497978623352,39.3305616959494]]}},{"type":"Feature","id":365382,"properties":{"OBJECTID":365382,"PRIMENAME":"Ventnor Avenue","ELEVTYP_F":0,"ELEVTYP_T":0},"geometry":{"type":"LineString","coordinates":[[-74.4728002750484,39.3427741684318],[-74.4721406768451,39.3430930063056]]}},{"type":"Feature","id":365947,"properties":{"OBJECTID":365947,"PRIMENAME":"Marshall Avenue","ELEVTYP_F":0,"ELEVTYP_T":0},"geometry":{"type":"LineString","coordinates":[[-74.4989470476088,39.3424232039367],[-74.499740851527,39.3419547399584]]}},{"type":"Feature","id":366222,"properties":{"OBJECTID":366222,"PRIMENAME":"Ventnor Avenue","ELEVTYP_F":0,"ELEVTYP_T":0},"geometry":{"type":"LineString","coordinates":[[-74.4706910574538,39.3438009536191],[-74.4705478161003,39.3438720852321],[-74.4703103547422,39.3439854218489]]}},{"type":"Feature","id":366737,"properties":{"OBJECTID":366737,"PRIMENAME":"Windsor Drive","ELEVTYP_F":0,"ELEVTYP_T":0},"geometry":{"type":"LineString","coordinates":[[-74.4944499751067,39.3388570057058],[-74.4935945918046,39.3379612599338]]}},{"type":"Feature","id":369487,"properties":{"OBJECTID":369487,"PRIMENAME":"Unnamed Segment","ELEVTYP_F":0,"ELEVTYP_T":0},"geometry":{"type":"LineString","coordinates":[[-74.495590653729,39.3412800977313],[-74.495607977732,39.3411446125616],[-74.4958542439066,39.3410060297588],[-74.4959423562673,39.3409814722044],[-74.4960191716453,39.3409569150984],[-74.4961795825286,39.3408727134016],[-74.4974154135542,39.3401622511408],[-74.4974831914327,39.3401131304014],[-74.497508044122,39.3400675200804],[-74.4975216016018,39.3400096278319],[-74.4975057896977,39.3399482253895],[-74.4972843949858,39.3397394570609],[-74.4972324334367,39.339735947172]]}},{"type":"Feature","id":369488,"properties":{"OBJECTID":369488,"PRIMENAME":"Unnamed Segment","ELEVTYP_F":0,"ELEVTYP_T":0},"geometry":{"type":"LineString","coordinates":[[-74.4972324334367,39.339735947172],[-74.4972225488603,39.3396684751516],[-74.497179652711,39.3395923311103],[-74.4958192106116,39.3382360063591]]}},{"type":"Feature","id":370177,"properties":{"OBJECTID":370177,"PRIMENAME":"Wellington Avenue","ELEVTYP_F":0,"ELEVTYP_T":0},"geometry":{"type":"LineString","coordinates":[[-74.4935379349571,39.3438039693503],[-74.4925918304176,39.3443926802428],[-74.4919849415086,39.3447536864434],[-74.4904085836501,39.3456408851055],[-74.4898253187483,39.3459896434805],[-74.4893445175293,39.3462588558388],[-74.488974069659,39.3464118071189],[-74.4885405772374,39.3465219147231],[-74.4880676891411,39.3465524650884]]}},{"type":"Feature","id":370178,"properties":{"OBJECTID":370178,"PRIMENAME":"Wellington Avenue","ELEVTYP_F":0,"ELEVTYP_T":0},"geometry":{"type":"LineString","coordinates":[[-74.4965499690306,39.3421640371104],[-74.4964221701413,39.3422632946833],[-74.4936952403238,39.3438236373004],[-74.4936483148149,39.3438410852847],[-74.4935379349571,39.3438039693503]]}},{"type":"Feature","id":370234,"properties":{"OBJECTID":370234,"PRIMENAME":"Crossan Avenue","ELEVTYP_F":0,"ELEVTYP_T":0},"geometry":{"type":"LineString","coordinates":[[-74.4648446778007,39.3569585727742],[-74.4652831278585,39.3567478643531]]}},{"type":"Feature","id":370236,"properties":{"OBJECTID":370236,"PRIMENAME":"Ventnor Avenue","ELEVTYP_F":0,"ELEVTYP_T":0},"geometry":{"type":"LineString","coordinates":[[-74.4681358810862,39.3450352073365],[-74.4675404005977,39.3453241899422]]}},{"type":"Feature","id":370841,"properties":{"OBJECTID":370841,"PRIMENAME":"Ventnor Avenue","ELEVTYP_F":0,"ELEVTYP_T":0},"geometry":{"type":"LineString","coordinates":[[-74.4654463434262,39.3463468193791],[-74.4650532703656,39.346532832267]]}},{"type":"Feature","id":371786,"properties":{"OBJECTID":371786,"PRIMENAME":"North Burghley Avenue","ELEVTYP_F":0,"ELEVTYP_T":0},"geometry":{"type":"LineString","coordinates":[[-74.4881124446395,39.351679880103],[-74.4871974447889,39.3505398327462],[-74.4870836323203,39.3503979784423]]}},{"type":"Feature","id":372261,"properties":{"OBJECTID":372261,"PRIMENAME":"Ventnor Avenue","ELEVTYP_F":0,"ELEVTYP_T":0},"geometry":{"type":"LineString","coordinates":[[-74.4881080679085,39.3353500222229],[-74.4879904974532,39.3354069280581],[-74.4874866913885,39.3356515161321]]}},{"type":"Feature","id":372297,"properties":{"OBJECTID":372297,"PRIMENAME":"Ventnor Avenue","ELEVTYP_F":0,"ELEVTYP_T":0},"geometry":{"type":"LineString","coordinates":[[-74.4927320000365,39.3331081665286],[-74.4921900402266,39.3333708934418]]}},{"type":"Feature","id":372771,"properties":{"OBJECTID":372771,"PRIMENAME":"Ventnor Avenue","ELEVTYP_F":0,"ELEVTYP_T":0},"geometry":{"type":"LineString","coordinates":[[-74.4690340461722,39.3445971010809],[-74.4685903416487,39.3448137815397]]}},{"type":"Feature","id":373009,"properties":{"OBJECTID":373009,"PRIMENAME":"Ventnor Avenue","ELEVTYP_F":0,"ELEVTYP_T":0},"geometry":{"type":"LineString","coordinates":[[-74.4893778900684,39.3347349190419],[-74.4887419922226,39.3350429528609]]}},{"type":"Feature","id":373410,"properties":{"OBJECTID":373410,"PRIMENAME":"Ventnor Avenue","ELEVTYP_F":0,"ELEVTYP_T":0},"geometry":{"type":"LineString","coordinates":[[-74.4792329401571,39.3396546968833],[-74.4785750621001,39.3399722799389],[-74.478311527505,39.3401009491807]]}},{"type":"Feature","id":374884,"properties":{"OBJECTID":374884,"PRIMENAME":"Ventnor Avenue","ELEVTYP_F":0,"ELEVTYP_T":0},"geometry":{"type":"LineString","coordinates":[[-74.4773867083468,39.340548429402],[-74.4764702936991,39.3409928285643]]}},{"type":"Feature","id":375563,"properties":{"OBJECTID":375563,"PRIMENAME":"Ventnor Avenue","ELEVTYP_F":0,"ELEVTYP_T":0},"geometry":{"type":"LineString","coordinates":[[-74.4650532703656,39.346532832267],[-74.4643901040343,39.3468441013512]]}},{"type":"Feature","id":376849,"properties":{"OBJECTID":376849,"PRIMENAME":"Waldon Drive","ELEVTYP_F":0,"ELEVTYP_T":0},"geometry":{"type":"LineString","coordinates":[[-74.4951500145942,39.3384464815143],[-74.4942970738457,39.3375509589398]]}},{"type":"Feature","id":377933,"properties":{"OBJECTID":377933,"PRIMENAME":"Ventnor Avenue","ELEVTYP_F":0,"ELEVTYP_T":0},"geometry":{"type":"LineString","coordinates":[[-74.4974061928456,39.3308417991172],[-74.4969269887397,39.3310741281721]]}},{"type":"Feature","id":378088,"properties":{"OBJECTID":378088,"PRIMENAME":"Ventnor Avenue","ELEVTYP_F":0,"ELEVTYP_T":0},"geometry":{"type":"LineString","coordinates":[[-74.4900106710725,39.3344282822303],[-74.4899187746492,39.3344729195367],[-74.4893778900684,39.3347349190419]]}},{"type":"Feature","id":378383,"properties":{"OBJECTID":378383,"PRIMENAME":"North Cornwall Avenue","ELEVTYP_F":0,"ELEVTYP_T":0},"geometry":{"type":"LineString","coordinates":[[-74.4866641297968,39.3487894847594],[-74.4868502039888,39.3490189353948],[-74.4877123560204,39.3500936876114]]}},{"type":"Feature","id":378577,"properties":{"OBJECTID":378577,"PRIMENAME":"Ventnor Avenue","ELEVTYP_F":0,"ELEVTYP_T":0},"geometry":{"type":"LineString","coordinates":[[-74.4943086352572,39.3323483852595],[-74.4937832707203,39.3326011259043]]}},{"type":"Feature","id":378991,"properties":{"OBJECTID":378991,"PRIMENAME":"Ventnor Avenue","ELEVTYP_F":0,"ELEVTYP_T":0},"geometry":{"type":"LineString","coordinates":[[-74.4811889986023,39.338706504896],[-74.4806624769254,39.3389623720272]]}},{"type":"Feature","id":379199,"properties":{"OBJECTID":379199,"PRIMENAME":"North Burghley Avenue","ELEVTYP_F":0,"ELEVTYP_T":0},"geometry":{"type":"LineString","coordinates":[[-74.4850192604664,39.347838291662],[-74.484129957504,39.3467211213806],[-74.4839952289283,39.3465539464974]]}},{"type":"Feature","id":379424,"properties":{"OBJECTID":379424,"PRIMENAME":"Crossan Avenue","ELEVTYP_F":0,"ELEVTYP_T":0},"geometry":{"type":"LineString","coordinates":[[-74.4644127699487,39.3571661241964],[-74.4647192843389,39.3570188296591],[-74.4648446778007,39.3569585727742]]}},{"type":"Feature","id":380040,"properties":{"OBJECTID":380040,"PRIMENAME":"Unnamed Segment","ELEVTYP_F":0,"ELEVTYP_T":0},"geometry":{"type":"LineString","coordinates":[[-74.4953600272121,39.3410386124285],[-74.4957093615224,39.3408393408346],[-74.4957164439944,39.3407797190049],[-74.4957164472048,39.3407270890224],[-74.4957119338434,39.3406235854745],[-74.4957435672665,39.3405797278645],[-74.4957955305165,39.3405446430957],[-74.4971013969315,39.3397938365257],[-74.4971940267049,39.3397464722516],[-74.4972324334367,39.339735947172]]}},{"type":"Feature","id":380060,"properties":{"OBJECTID":380060,"PRIMENAME":"Ventnor Avenue","ELEVTYP_F":0,"ELEVTYP_T":0},"geometry":{"type":"LineString","coordinates":[[-74.4843597845821,39.3371687329412],[-74.4832897756255,39.3376883697133]]}},{"type":"Feature","id":380122,"properties":{"OBJECTID":380122,"PRIMENAME":"Ventnor Avenue","ELEVTYP_F":0,"ELEVTYP_T":0},"geometry":{"type":"LineString","coordinates":[[-74.4670145234794,39.3455793907675],[-74.4665471783789,39.345806187228],[-74.4664985166774,39.3458298141401]]}},{"type":"Feature","id":380278,"properties":{"OBJECTID":380278,"PRIMENAME":"Ventnor Avenue","ELEVTYP_F":0,"ELEVTYP_T":0},"geometry":{"type":"LineString","coordinates":[[-74.4953564196291,39.3318410284174],[-74.4948295418038,39.3320961627051]]}},{"type":"Feature","id":380633,"properties":{"OBJECTID":380633,"PRIMENAME":"Ventnor Avenue","ELEVTYP_F":0,"ELEVTYP_T":0},"geometry":{"type":"LineString","coordinates":[[-74.4764702936991,39.3409928285643],[-74.4762582785556,39.3410956385029],[-74.4755537255531,39.3414382635849]]}},{"type":"Feature","id":380872,"properties":{"OBJECTID":380872,"PRIMENAME":"Ventnor Avenue","ELEVTYP_F":0,"ELEVTYP_T":0},"geometry":{"type":"LineString","coordinates":[[-74.4937832707203,39.3326011259043],[-74.4934332371005,39.3327695273736],[-74.4932575833638,39.3328543866202]]}},{"type":"Feature","id":381054,"properties":{"OBJECTID":381054,"PRIMENAME":"North Swarthmore Avenue","ELEVTYP_F":0,"ELEVTYP_T":0},"geometry":{"type":"LineString","coordinates":[[-74.4989470476088,39.3424232039367],[-74.4994104393151,39.3429056778218],[-74.4996746863748,39.3431820868204],[-74.4997241561137,39.3432418333249],[-74.4997517727588,39.3432732987609],[-74.499781121531,39.3432932319942],[-74.4998278687127,39.3433159667729],[-74.4998785406484,39.3433278557566],[-74.4999268436365,39.343327855796],[-74.4999866376696,39.3433188774206]]}},{"type":"Feature","id":381157,"properties":{"OBJECTID":381157,"PRIMENAME":"Ventnor Avenue","ELEVTYP_F":0,"ELEVTYP_T":0},"geometry":{"type":"LineString","coordinates":[[-74.4659667174729,39.3460873145817],[-74.4654463434262,39.3463468193791]]}},{"type":"Feature","id":381222,"properties":{"OBJECTID":381222,"PRIMENAME":"Ventnor Avenue","ELEVTYP_F":0,"ELEVTYP_T":0},"geometry":{"type":"LineString","coordinates":[[-74.4948295418038,39.3320961627051],[-74.4943103682826,39.3323475340749],[-74.4943086352572,39.3323483852595]]}},{"type":"Feature","id":381515,"properties":{"OBJECTID":381515,"PRIMENAME":"Ventnor Avenue","ELEVTYP_F":0,"ELEVTYP_T":0},"geometry":{"type":"LineString","coordinates":[[-74.4675404005977,39.3453241899422],[-74.4670145234794,39.3455793907675]]}},{"type":"Feature","id":381638,"properties":{"OBJECTID":381638,"PRIMENAME":"North Cornwall Avenue","ELEVTYP_F":0,"ELEVTYP_T":0},"geometry":{"type":"LineString","coordinates":[[-74.4825585695651,39.3436852177148],[-74.4835932120076,39.34497023704]]}},{"type":"Feature","id":382189,"properties":{"OBJECTID":382189,"PRIMENAME":"Ventnor Avenue","ELEVTYP_F":0,"ELEVTYP_T":0},"geometry":{"type":"LineString","coordinates":[[-74.4874866913885,39.3356515161321],[-74.4869338023037,39.3359199284376]]}},{"type":"Feature","id":382192,"properties":{"OBJECTID":382192,"PRIMENAME":"Ventnor Avenue","ELEVTYP_F":0,"ELEVTYP_T":0},"geometry":{"type":"LineString","coordinates":[[-74.4703103547422,39.3439854218489],[-74.4696398767196,39.3443054497941]]}},{"type":"Feature","id":382230,"properties":{"OBJECTID":382230,"PRIMENAME":"Ventnor Avenue","ELEVTYP_F":0,"ELEVTYP_T":0},"geometry":{"type":"LineString","coordinates":[[-74.4806624769254,39.3389623720272],[-74.4801336889798,39.3392193605928]]}},{"type":"Feature","id":382637,"properties":{"OBJECTID":382637,"PRIMENAME":"North Burghley Avenue","ELEVTYP_F":0,"ELEVTYP_T":0},"geometry":{"type":"LineString","coordinates":[[-74.4839952289283,39.3465539464974],[-74.4831193894426,39.3454668626246],[-74.4829649756362,39.3452751365298]]}},{"type":"Feature","id":382651,"properties":{"OBJECTID":382651,"PRIMENAME":"Ventnor Avenue","ELEVTYP_F":0,"ELEVTYP_T":0},"geometry":{"type":"LineString","coordinates":[[-74.4864383335923,39.3361604484173],[-74.4863012066108,39.336226988061],[-74.4859139013537,39.3364148010721]]}},{"type":"Feature","id":382937,"properties":{"OBJECTID":382937,"PRIMENAME":"Crossan Avenue","ELEVTYP_F":0,"ELEVTYP_T":0},"geometry":{"type":"LineString","coordinates":[[-74.4658735336856,39.3564947230206],[-74.4659187591234,39.3565140379331],[-74.4659526623286,39.3565421360194],[-74.4659737286195,39.356567944988],[-74.4659828133611,39.3565790744514],[-74.4667133883338,39.3574913163259]]}},{"type":"Feature","id":383771,"properties":{"OBJECTID":383771,"PRIMENAME":"Ventnor Avenue","ELEVTYP_F":0,"ELEVTYP_T":0},"geometry":{"type":"LineString","coordinates":[[-74.4887419922226,39.3350429528609],[-74.4881080679085,39.3353500222229]]}},{"type":"Feature","id":384154,"properties":{"OBJECTID":384154,"PRIMENAME":"Ventnor Avenue","ELEVTYP_F":0,"ELEVTYP_T":0},"geometry":{"type":"LineString","coordinates":[[-74.4721406768451,39.3430930063056],[-74.4717410241519,39.3432862053743]]}},{"type":"Feature","id":384690,"properties":{"OBJECTID":384690,"PRIMENAME":"Ventnor Avenue","ELEVTYP_F":0,"ELEVTYP_T":0},"geometry":{"type":"LineString","coordinates":[[-74.4832897756255,39.3376883697133],[-74.483136269198,39.3377629195947],[-74.482239376761,39.338197400628]]}},{"type":"Feature","id":386097,"properties":{"OBJECTID":386097,"PRIMENAME":"Ventnor Avenue","ELEVTYP_F":0,"ELEVTYP_T":0},"geometry":{"type":"LineString","coordinates":[[-74.482239376761,39.338197400628],[-74.4813629483782,39.3386219663492],[-74.4811889986023,39.338706504896]]}},{"type":"Feature","id":386409,"properties":{"OBJECTID":386409,"PRIMENAME":"Ventnor Avenue","ELEVTYP_F":0,"ELEVTYP_T":0},"geometry":{"type":"LineString","coordinates":[[-74.4643901040343,39.3468441013512],[-74.4637278820297,39.3471643173984]]}},{"type":"Feature","id":386958,"properties":{"OBJECTID":386958,"PRIMENAME":"Ventnor Avenue","ELEVTYP_F":0,"ELEVTYP_T":0},"geometry":{"type":"LineString","coordinates":[[-74.4869338023037,39.3359199284376],[-74.4864383335923,39.3361604484173]]}},{"type":"Feature","id":388580,"properties":{"OBJECTID":388580,"PRIMENAME":"Wellington Avenue","ELEVTYP_F":0,"ELEVTYP_T":0},"geometry":{"type":"LineString","coordinates":[[-74.4965499690306,39.3421640371104],[-74.496553843765,39.3421644588053],[-74.4966098189962,39.3421623741662],[-74.4966667132889,39.3421547972727],[-74.4967239977466,39.3421390391833],[-74.4967946831366,39.342110623218],[-74.4968675825015,39.3420698346093],[-74.4968711336707,39.3420678475124],[-74.4969551862733,39.3420250719552],[-74.4970779817288,39.3419509283207],[-74.4974240220958,39.3417539540062],[-74.4979875950293,39.3414280231853]]}},{"type":"Feature","id":391909,"properties":{"OBJECTID":391909,"PRIMENAME":"Ventnor Avenue","ELEVTYP_F":0,"ELEVTYP_T":0},"geometry":{"type":"LineString","coordinates":[[-74.4969269887397,39.3310741281721],[-74.4964460136879,39.3313073605091],[-74.4964120014572,39.3313240803791]]}},{"type":"Feature","id":392348,"properties":{"OBJECTID":392348,"PRIMENAME":"Ventnor Avenue","ELEVTYP_F":0,"ELEVTYP_T":0},"geometry":{"type":"LineString","coordinates":[[-74.4801336889798,39.3392193605928],[-74.4799837121892,39.3392922331883],[-74.4792329401571,39.3396546968833]]}},{"type":"Feature","id":393569,"properties":{"OBJECTID":393569,"PRIMENAME":"North Burghley Avenue","ELEVTYP_F":0,"ELEVTYP_T":0},"geometry":{"type":"LineString","coordinates":[[-74.4870836323203,39.3503979784423],[-74.4862223352684,39.3493242369406],[-74.4860355187939,39.3490939069334]]}},{"type":"Feature","id":394432,"properties":{"OBJECTID":394432,"PRIMENAME":"Ventnor Avenue","ELEVTYP_F":0,"ELEVTYP_T":0},"geometry":{"type":"LineString","coordinates":[[-74.497978623352,39.3305616959494],[-74.4976498239419,39.3307226418732]]}},{"type":"Feature","id":397530,"properties":{"OBJECTID":397530,"PRIMENAME":"Burghley Avenue","ELEVTYP_F":0,"ELEVTYP_T":0},"geometry":{"type":"LineString","coordinates":[[-74.4883084407846,39.3522174778159],[-74.4883161895272,39.3521521076452],[-74.4883155681102,39.3520864636878],[-74.488306578771,39.352021187321],[-74.4882893119257,39.3519569244336],[-74.4882639345695,39.3518943056063],[-74.4882306995576,39.351833943411],[-74.4881899282005,39.3517764315081],[-74.4881124446395,39.351679880103]]}},{"type":"Feature","id":399412,"properties":{"OBJECTID":399412,"PRIMENAME":"Ventnor Avenue","ELEVTYP_F":0,"ELEVTYP_T":0},"geometry":{"type":"LineString","coordinates":[[-74.4853821460512,39.3366726374819],[-74.4848382227543,39.3369364008214],[-74.4848349697204,39.3369379660112]]}},{"type":"Feature","id":399529,"properties":{"OBJECTID":399529,"PRIMENAME":"Ventnor Avenue","ELEVTYP_F":0,"ELEVTYP_T":0},"geometry":{"type":"LineString","coordinates":[[-74.4685903416487,39.3448137815397],[-74.4683175383218,39.3449470376983],[-74.4681358810862,39.3450352073365]]}},{"type":"Feature","id":399738,"properties":{"OBJECTID":399738,"PRIMENAME":"Ventnor Avenue","ELEVTYP_F":0,"ELEVTYP_T":0},"geometry":{"type":"LineString","coordinates":[[-74.4848349697204,39.3369379660112],[-74.4843597845821,39.3371687329412]]}},{"type":"Feature","id":399766,"properties":{"OBJECTID":399766,"PRIMENAME":"Ventnor Avenue","ELEVTYP_F":0,"ELEVTYP_T":0},"geometry":{"type":"LineString","coordinates":[[-74.4717410241519,39.3432862053743],[-74.471246159588,39.3435253984789],[-74.4710671626455,39.3436142588899]]}},{"type":"Feature","id":399769,"properties":{"OBJECTID":399769,"PRIMENAME":"North Cornwall Avenue","ELEVTYP_F":0,"ELEVTYP_T":0},"geometry":{"type":"LineString","coordinates":[[-74.4846224829069,39.3462478595194],[-74.4847590855678,39.346417368835],[-74.4856475456454,39.3475335181489]]}},{"type":"Feature","id":400256,"properties":{"OBJECTID":400256,"PRIMENAME":"Ventnor Avenue","ELEVTYP_F":0,"ELEVTYP_T":0},"geometry":{"type":"LineString","coordinates":[[-74.4859139013537,39.3364148010721],[-74.4853821460512,39.3366726374819]]}},{"type":"Feature","id":400736,"properties":{"OBJECTID":400736,"PRIMENAME":"Cornwall Avenue","ELEVTYP_F":0,"ELEVTYP_T":0},"geometry":{"type":"LineString","coordinates":[[-74.4887416002694,39.3513740470402],[-74.4892828111265,39.3520418585134]]}},{"type":"Feature","id":415015,"properties":{"OBJECTID":415015,"PRIMENAME":"Surrey Court","ELEVTYP_F":0,"ELEVTYP_T":0},"geometry":{"type":"LineString","coordinates":[[-74.4844104468629,39.3534771851354],[-74.4841419046399,39.3531300565672]]}},{"type":"Feature","id":415016,"properties":{"OBJECTID":415016,"PRIMENAME":"Dudley Court","ELEVTYP_F":0,"ELEVTYP_T":0},"geometry":{"type":"LineString","coordinates":[[-74.4862702967625,39.3525731107087],[-74.4859893549379,39.3522251038926]]}},{"type":"Feature","id":415017,"properties":{"OBJECTID":415017,"PRIMENAME":"Burk Avenue","ELEVTYP_F":0,"ELEVTYP_T":0},"geometry":{"type":"LineString","coordinates":[[-74.4868041070315,39.3523150063492],[-74.4865343310178,39.3524454471044],[-74.4863524742495,39.3525333765964],[-74.4862702967625,39.3525731107087]]}},{"type":"Feature","id":434058,"properties":{"OBJECTID":434058,"PRIMENAME":"Boardwalk","ELEVTYP_F":0,"ELEVTYP_T":0},"geometry":{"type":"LineString","coordinates":[[-74.4650205133518,39.3430961451937],[-74.4655446660124,39.3428424886414]]}},{"type":"Feature","id":434065,"properties":{"OBJECTID":434065,"PRIMENAME":"Boardwalk","ELEVTYP_F":0,"ELEVTYP_T":0},"geometry":{"type":"LineString","coordinates":[[-74.4902093640691,39.3308821908823],[-74.4907161990729,39.3306373217191]]}},{"type":"Feature","id":434066,"properties":{"OBJECTID":434066,"PRIMENAME":"Boardwalk","ELEVTYP_F":0,"ELEVTYP_T":0},"geometry":{"type":"LineString","coordinates":[[-74.4896846405537,39.3311356986561],[-74.4902093640691,39.3308821908823]]}},{"type":"Feature","id":434067,"properties":{"OBJECTID":434067,"PRIMENAME":"Boardwalk","ELEVTYP_F":0,"ELEVTYP_T":0},"geometry":{"type":"LineString","coordinates":[[-74.4891569157711,39.3313906513823],[-74.4896846405537,39.3311356986561]]}},{"type":"Feature","id":434068,"properties":{"OBJECTID":434068,"PRIMENAME":"Boardwalk","ELEVTYP_F":0,"ELEVTYP_T":0},"geometry":{"type":"LineString","coordinates":[[-74.4886353039582,39.3316426467303],[-74.4891569157711,39.3313906513823]]}},{"type":"Feature","id":434069,"properties":{"OBJECTID":434069,"PRIMENAME":"Boardwalk","ELEVTYP_F":0,"ELEVTYP_T":0},"geometry":{"type":"LineString","coordinates":[[-74.4881096120504,39.3318966093935],[-74.4886353039582,39.3316426467303]]}},{"type":"Feature","id":434070,"properties":{"OBJECTID":434070,"PRIMENAME":"Boardwalk","ELEVTYP_F":0,"ELEVTYP_T":0},"geometry":{"type":"LineString","coordinates":[[-74.4875844928795,39.3321502904801],[-74.4881096120504,39.3318966093935]]}},{"type":"Feature","id":434071,"properties":{"OBJECTID":434071,"PRIMENAME":"Boardwalk","ELEVTYP_F":0,"ELEVTYP_T":0},"geometry":{"type":"LineString","coordinates":[[-74.4865332835589,39.332659297493],[-74.4875816995032,39.3321516405024],[-74.4875844928795,39.3321502904801]]}},{"type":"Feature","id":434072,"properties":{"OBJECTID":434072,"PRIMENAME":"Boardwalk","ELEVTYP_F":0,"ELEVTYP_T":0},"geometry":{"type":"LineString","coordinates":[[-74.4860088106266,39.3329132480619],[-74.4865332835589,39.332659297493]]}},{"type":"Feature","id":434073,"properties":{"OBJECTID":434073,"PRIMENAME":"Boardwalk","ELEVTYP_F":0,"ELEVTYP_T":0},"geometry":{"type":"LineString","coordinates":[[-74.4849575958602,39.3334222344704],[-74.4860088106266,39.3329132480619]]}},{"type":"Feature","id":434074,"properties":{"OBJECTID":434074,"PRIMENAME":"Boardwalk","ELEVTYP_F":0,"ELEVTYP_T":0},"geometry":{"type":"LineString","coordinates":[[-74.4844328934324,39.3336762832701],[-74.4849575958602,39.3334222344704]]}},{"type":"Feature","id":434075,"properties":{"OBJECTID":434075,"PRIMENAME":"Boardwalk","ELEVTYP_F":0,"ELEVTYP_T":0},"geometry":{"type":"LineString","coordinates":[[-74.4833899566853,39.3341848683087],[-74.4833948650946,39.3341825115794],[-74.483950786029,39.3339097051363],[-74.4844328934324,39.3336762832701]]}},{"type":"Feature","id":434076,"properties":{"OBJECTID":434076,"PRIMENAME":"Boardwalk","ELEVTYP_F":0,"ELEVTYP_T":0},"geometry":{"type":"LineString","coordinates":[[-74.4828628141168,39.3344379818105],[-74.4833899566853,39.3341848683087]]}},{"type":"Feature","id":434077,"properties":{"OBJECTID":434077,"PRIMENAME":"Boardwalk","ELEVTYP_F":0,"ELEVTYP_T":0},"geometry":{"type":"LineString","coordinates":[[-74.4823170248873,39.3346987812298],[-74.4828303703449,39.334453560206],[-74.4828628141168,39.3344379818105]]}},{"type":"Feature","id":434078,"properties":{"OBJECTID":434078,"PRIMENAME":"Boardwalk","ELEVTYP_F":0,"ELEVTYP_T":0},"geometry":{"type":"LineString","coordinates":[[-74.4807690488573,39.3354514222887],[-74.4813056267939,39.3351898990247],[-74.4822251326859,39.3347426764957],[-74.4823170248873,39.3346987812298]]}},{"type":"Feature","id":434079,"properties":{"OBJECTID":434079,"PRIMENAME":"Boardwalk","ELEVTYP_F":0,"ELEVTYP_T":0},"geometry":{"type":"LineString","coordinates":[[-74.480241289841,39.3357130841904],[-74.4805548824811,39.3355558036107],[-74.4807690488573,39.3354514222887]]}},{"type":"Feature","id":434080,"properties":{"OBJECTID":434080,"PRIMENAME":"Boardwalk","ELEVTYP_F":0,"ELEVTYP_T":0},"geometry":{"type":"LineString","coordinates":[[-74.4797147829144,39.3359676166693],[-74.4801765944561,39.3357455313031],[-74.480241289841,39.3357130841904]]}},{"type":"Feature","id":434081,"properties":{"OBJECTID":434081,"PRIMENAME":"Boardwalk","ELEVTYP_F":0,"ELEVTYP_T":0},"geometry":{"type":"LineString","coordinates":[[-74.4791907417583,39.3362223796058],[-74.4796411727217,39.3360030147956],[-74.4797147829144,39.3359676166693]]}},{"type":"Feature","id":434082,"properties":{"OBJECTID":434082,"PRIMENAME":"Boardwalk","ELEVTYP_F":0,"ELEVTYP_T":0},"geometry":{"type":"LineString","coordinates":[[-74.4786606466672,39.336471703554],[-74.4790475481044,39.3362921156132],[-74.4791907417583,39.3362223796058]]}},{"type":"Feature","id":434083,"properties":{"OBJECTID":434083,"PRIMENAME":"Boardwalk","ELEVTYP_F":0,"ELEVTYP_T":0},"geometry":{"type":"LineString","coordinates":[[-74.4781406974785,39.3367262778236],[-74.4784539227586,39.3365676579491],[-74.4786606466672,39.336471703554]]}},{"type":"Feature","id":434084,"properties":{"OBJECTID":434084,"PRIMENAME":"Boardwalk","ELEVTYP_F":0,"ELEVTYP_T":0},"geometry":{"type":"LineString","coordinates":[[-74.4772315732818,39.337172113336],[-74.4777441077105,39.33692711107],[-74.4781406974785,39.3367262778236]]}},{"type":"Feature","id":434085,"properties":{"OBJECTID":434085,"PRIMENAME":"Boardwalk","ELEVTYP_F":0,"ELEVTYP_T":0},"geometry":{"type":"LineString","coordinates":[[-74.4763099144588,39.3376126757109],[-74.4772315732818,39.337172113336]]}},{"type":"Feature","id":434086,"properties":{"OBJECTID":434086,"PRIMENAME":"Boardwalk","ELEVTYP_F":0,"ELEVTYP_T":0},"geometry":{"type":"LineString","coordinates":[[-74.4753967417853,39.3380619154846],[-74.4757797913009,39.3378731682654],[-74.4761285999693,39.3376993446418],[-74.4763099144588,39.3376126757109]]}},{"type":"Feature","id":434385,"properties":{"OBJECTID":434385,"PRIMENAME":"Boardwalk","ELEVTYP_F":0,"ELEVTYP_T":0},"geometry":{"type":"LineString","coordinates":[[-74.4744745081646,39.338504057574],[-74.4748031189443,39.3383490361826],[-74.4753171574752,39.3381011308497],[-74.4753967417853,39.3380619154846]]}},{"type":"Feature","id":434386,"properties":{"OBJECTID":434386,"PRIMENAME":"Boardwalk","ELEVTYP_F":0,"ELEVTYP_T":0},"geometry":{"type":"LineString","coordinates":[[-74.4735612686415,39.3389486833107],[-74.4737274033524,39.3388618519262],[-74.4741570157685,39.3386538323656],[-74.4744745081646,39.338504057574]]}},{"type":"Feature","id":434387,"properties":{"OBJECTID":434387,"PRIMENAME":"Boardwalk","ELEVTYP_F":0,"ELEVTYP_T":0},"geometry":{"type":"LineString","coordinates":[[-74.4708073878728,39.3402857801136],[-74.4711129577971,39.340141287605],[-74.4717114973608,39.3398506423154],[-74.4720162738321,39.3397024683116],[-74.4725891015228,39.3394260676665],[-74.4730884869117,39.3391810063331],[-74.4735474786938,39.338955890285],[-74.4735612686415,39.3389486833107]]}},{"type":"Feature","id":434388,"properties":{"OBJECTID":434388,"PRIMENAME":"Boardwalk","ELEVTYP_F":0,"ELEVTYP_T":0},"geometry":{"type":"LineString","coordinates":[[-74.4702701123273,39.3405419415728],[-74.4706429390439,39.3403635410531],[-74.4708073878728,39.3402857801136]]}},{"type":"Feature","id":434389,"properties":{"OBJECTID":434389,"PRIMENAME":"Boardwalk","ELEVTYP_F":0,"ELEVTYP_T":0},"geometry":{"type":"LineString","coordinates":[[-74.4697439072739,39.3408002023118],[-74.4700298734256,39.3406568966356],[-74.4702701123273,39.3405419415728]]}},{"type":"Feature","id":434673,"properties":{"OBJECTID":434673,"PRIMENAME":"Martindale Avenue","ELEVTYP_F":0,"ELEVTYP_T":0},"geometry":{"type":"LineString","coordinates":[[-74.4904766431079,39.3312082357315],[-74.4902346611101,39.3309130503985],[-74.4902093640691,39.3308821908823]]}},{"type":"Feature","id":434674,"properties":{"OBJECTID":434674,"PRIMENAME":"South Washington Avenue","ELEVTYP_F":0,"ELEVTYP_T":0},"geometry":{"type":"LineString","coordinates":[[-74.4896846405537,39.3311356986561],[-74.4897053600219,39.3311611773172],[-74.4899527225951,39.3314653525259]]}},{"type":"Feature","id":434675,"properties":{"OBJECTID":434675,"PRIMENAME":"South Swarthmore Avenue","ELEVTYP_F":0,"ELEVTYP_T":0},"geometry":{"type":"LineString","coordinates":[[-74.48941596866,39.331704141424],[-74.4891835439208,39.3314228750808],[-74.4891569157711,39.3313906513823]]}},{"type":"Feature","id":434676,"properties":{"OBJECTID":434676,"PRIMENAME":"South Baltimore Avenue","ELEVTYP_F":0,"ELEVTYP_T":0},"geometry":{"type":"LineString","coordinates":[[-74.4886353039582,39.3316426467303],[-74.4886588771982,39.3316717894649],[-74.4888895369396,39.3319569391838]]}},{"type":"Feature","id":434677,"properties":{"OBJECTID":434677,"PRIMENAME":"South Melbourne Avenue","ELEVTYP_F":0,"ELEVTYP_T":0},"geometry":{"type":"LineString","coordinates":[[-74.4883660901085,39.3322196915475],[-74.4881276115933,39.3319192829192],[-74.4881096120504,39.3318966093935]]}},{"type":"Feature","id":434678,"properties":{"OBJECTID":434678,"PRIMENAME":"South Pittsburgh Avenue","ELEVTYP_F":0,"ELEVTYP_T":0},"geometry":{"type":"LineString","coordinates":[[-74.4878415873859,39.3324751790725],[-74.4876034617997,39.3321742613614],[-74.4875844928795,39.3321502904801]]}},{"type":"Feature","id":434679,"properties":{"OBJECTID":434679,"PRIMENAME":"South Philadelphia Avenue","ELEVTYP_F":0,"ELEVTYP_T":0},"geometry":{"type":"LineString","coordinates":[[-74.4867917199557,39.3329753371333],[-74.4865606786274,39.3326927992273],[-74.4865332835589,39.332659297493]]}},{"type":"Feature","id":434680,"properties":{"OBJECTID":434680,"PRIMENAME":"South Buffalo Avenue","ELEVTYP_F":0,"ELEVTYP_T":0},"geometry":{"type":"LineString","coordinates":[[-74.4846937482696,39.3339931746009],[-74.4844533068235,39.3337010817986],[-74.4844328934324,39.3336762832701]]}},{"type":"Feature","id":434681,"properties":{"OBJECTID":434681,"PRIMENAME":"South Troy Avenue","ELEVTYP_F":0,"ELEVTYP_T":0},"geometry":{"type":"LineString","coordinates":[[-74.4835110280418,39.334337196003],[-74.4834042270868,39.3342028226606],[-74.4833899566853,39.3341848683087]]}},{"type":"Feature","id":434682,"properties":{"OBJECTID":434682,"PRIMENAME":"South Avolyn Avenue","ELEVTYP_F":0,"ELEVTYP_T":0},"geometry":{"type":"LineString","coordinates":[[-74.4829749126361,39.3345794043852],[-74.482871892795,39.3344494360918],[-74.4828628141168,39.3344379818105]]}},{"type":"Feature","id":434683,"properties":{"OBJECTID":434683,"PRIMENAME":"South New Haven Avenue","ELEVTYP_F":0,"ELEVTYP_T":0},"geometry":{"type":"LineString","coordinates":[[-74.4824492471776,39.334863924881],[-74.4823348215525,39.3347210088058],[-74.4823170248873,39.3346987812298]]}},{"type":"Feature","id":434684,"properties":{"OBJECTID":434684,"PRIMENAME":"South Stratford Place","ELEVTYP_F":0,"ELEVTYP_T":0},"geometry":{"type":"LineString","coordinates":[[-74.4808527832706,39.3355657168969],[-74.4808502682886,39.3355533546194],[-74.4807888350632,39.3354762537779],[-74.4807690488573,39.3354514222887]]}},{"type":"Feature","id":434685,"properties":{"OBJECTID":434685,"PRIMENAME":"South Portland Avenue","ELEVTYP_F":0,"ELEVTYP_T":0},"geometry":{"type":"LineString","coordinates":[[-74.48041694688,39.3359229953023],[-74.4803604426862,39.3358623700461],[-74.4802555342579,39.3357309308215],[-74.480241289841,39.3357130841904]]}},{"type":"Feature","id":434686,"properties":{"OBJECTID":434686,"PRIMENAME":"South Princeton Avenue","ELEVTYP_F":0,"ELEVTYP_T":0},"geometry":{"type":"LineString","coordinates":[[-74.4798365914447,39.3361170467467],[-74.479728848779,39.3359848723993],[-74.4797147829144,39.3359676166693]]}},{"type":"Feature","id":434687,"properties":{"OBJECTID":434687,"PRIMENAME":"South Sacramento Avenue","ELEVTYP_F":0,"ELEVTYP_T":0},"geometry":{"type":"LineString","coordinates":[[-74.4791907417583,39.3362223796058],[-74.4792049943326,39.336239547152],[-74.4793177778834,39.3363754044984]]}},{"type":"Feature","id":434688,"properties":{"OBJECTID":434688,"PRIMENAME":"South Harvard Avenue","ELEVTYP_F":0,"ELEVTYP_T":0},"geometry":{"type":"LineString","coordinates":[[-74.478804629204,39.3366424123686],[-74.4786839719156,39.3364993591943],[-74.4786606466672,39.336471703554]]}},{"type":"Feature","id":434689,"properties":{"OBJECTID":434689,"PRIMENAME":"South Cambridge Avenue","ELEVTYP_F":0,"ELEVTYP_T":0},"geometry":{"type":"LineString","coordinates":[[-74.4782962048472,39.3369207168453],[-74.4781534956,39.3367422795715],[-74.4781406974785,39.3367262778236]]}},{"type":"Feature","id":434690,"properties":{"OBJECTID":434690,"PRIMENAME":"South Cornwall Avenue","ELEVTYP_F":0,"ELEVTYP_T":0},"geometry":{"type":"LineString","coordinates":[[-74.4772315732818,39.337172113336],[-74.4772438208557,39.3371862954323],[-74.4773867486253,39.3373517945689]]}},{"type":"Feature","id":434691,"properties":{"OBJECTID":434691,"PRIMENAME":"South Derby Avenue","ELEVTYP_F":0,"ELEVTYP_T":0},"geometry":{"type":"LineString","coordinates":[[-74.4764314749333,39.3377588077781],[-74.4763312956055,39.3376383784585],[-74.4763099144588,39.3376126757109]]}},{"type":"Feature","id":434692,"properties":{"OBJECTID":434692,"PRIMENAME":"South Dorset Avenue","ELEVTYP_F":0,"ELEVTYP_T":0},"geometry":{"type":"LineString","coordinates":[[-74.4755122787145,39.3382099083071],[-74.4754121436664,39.3380816438435],[-74.4753967417853,39.3380619154846]]}},{"type":"Feature","id":434693,"properties":{"OBJECTID":434693,"PRIMENAME":"South Dudley Avenue","ELEVTYP_F":0,"ELEVTYP_T":0},"geometry":{"type":"LineString","coordinates":[[-74.4745912639248,39.338649736477],[-74.4744929781599,39.3385271035193],[-74.4744745081646,39.338504057574]]}},{"type":"Feature","id":434694,"properties":{"OBJECTID":434694,"PRIMENAME":"South Oxford Avenue","ELEVTYP_F":0,"ELEVTYP_T":0},"geometry":{"type":"LineString","coordinates":[[-74.4735612686415,39.3389486833107],[-74.4735766401376,39.3389681515676],[-74.4736966591518,39.3391201576054]]}},{"type":"Feature","id":434695,"properties":{"OBJECTID":434695,"PRIMENAME":"South Surrey Avenue","ELEVTYP_F":0,"ELEVTYP_T":0},"geometry":{"type":"LineString","coordinates":[[-74.4708073878728,39.3402857801136],[-74.4708228215609,39.3403052019029],[-74.4709296088625,39.3404395866432]]}},{"type":"Feature","id":434696,"properties":{"OBJECTID":434696,"PRIMENAME":"South Victoria Avenue","ELEVTYP_F":0,"ELEVTYP_T":0},"geometry":{"type":"LineString","coordinates":[[-74.4703952259468,39.3407037215878],[-74.4702941708105,39.3405730500756],[-74.4702701123273,39.3405419415728]]}},{"type":"Feature","id":434697,"properties":{"OBJECTID":434697,"PRIMENAME":"South Little Rock Avenue","ELEVTYP_F":0,"ELEVTYP_T":0},"geometry":{"type":"LineString","coordinates":[[-74.4697439072739,39.3408002023118],[-74.4697503998129,39.3408093211243],[-74.4698058473218,39.3408872017673]]}},{"type":"Feature","id":434698,"properties":{"OBJECTID":434698,"PRIMENAME":"South Weymouth Avenue","ELEVTYP_F":0,"ELEVTYP_T":0},"geometry":{"type":"LineString","coordinates":[[-74.4693207109244,39.341222460074],[-74.4692075595464,39.3410734898377],[-74.4692000592684,39.3410636158477]]}},{"type":"Feature","id":434699,"properties":{"OBJECTID":434699,"PRIMENAME":"South Frankfort Avenue","ELEVTYP_F":0,"ELEVTYP_T":0},"geometry":{"type":"LineString","coordinates":[[-74.4686931530269,39.3413157694075],[-74.4686997051647,39.3413237154358],[-74.4687857016811,39.3414279949736]]}},{"type":"Feature","id":434700,"properties":{"OBJECTID":434700,"PRIMENAME":"South Amherst Avenue","ELEVTYP_F":0,"ELEVTYP_T":0},"geometry":{"type":"LineString","coordinates":[[-74.4682943384074,39.3417224513022],[-74.4681842783414,39.3415849500716],[-74.4681689795335,39.3415658369523]]}},{"type":"Feature","id":434701,"properties":{"OBJECTID":434701,"PRIMENAME":"South Nashville Avenue","ELEVTYP_F":0,"ELEVTYP_T":0},"geometry":{"type":"LineString","coordinates":[[-74.4676472181685,39.3418222949613],[-74.467667901185,39.3418483846352],[-74.4677591181226,39.341963441891]]}},{"type":"Feature","id":434702,"properties":{"OBJECTID":434702,"PRIMENAME":"South Austin Avenue","ELEVTYP_F":0,"ELEVTYP_T":0},"geometry":{"type":"LineString","coordinates":[[-74.4665961163486,39.3423284393534],[-74.4666076606357,39.3423429799768],[-74.4667041797372,39.3424645470391]]}},{"type":"Feature","id":434703,"properties":{"OBJECTID":434703,"PRIMENAME":"South Marion Avenue","ELEVTYP_F":0,"ELEVTYP_T":0},"geometry":{"type":"LineString","coordinates":[[-74.4661593433318,39.3426967562782],[-74.4660788498615,39.342593637574],[-74.4660730459286,39.3425862014778]]}},{"type":"Feature","id":434704,"properties":{"OBJECTID":434704,"PRIMENAME":"South Baton Rouge Avenue","ELEVTYP_F":0,"ELEVTYP_T":0},"geometry":{"type":"LineString","coordinates":[[-74.4655446660124,39.3428424886414],[-74.4655596807248,39.3428604399693],[-74.4656368599454,39.3429527149713]]}},{"type":"Feature","id":434705,"properties":{"OBJECTID":434705,"PRIMENAME":"South Vassar Avenue","ELEVTYP_F":0,"ELEVTYP_T":0},"geometry":{"type":"LineString","coordinates":[[-74.4651114338714,39.3432092433419],[-74.4650278941117,39.3431053257881],[-74.4650205133518,39.3430961451937]]}},{"type":"Feature","id":434706,"properties":{"OBJECTID":434706,"PRIMENAME":"Jackson Avenue","ELEVTYP_F":0,"ELEVTYP_T":0},"geometry":{"type":"LineString","coordinates":[[-74.4645019396353,39.3433470977379],[-74.4645948021733,39.343473050567]]}},{"type":"Feature","id":434707,"properties":{"OBJECTID":434707,"PRIMENAME":"South Newton Avenue","ELEVTYP_F":0,"ELEVTYP_T":0},"geometry":{"type":"LineString","coordinates":[[-74.4642372519482,39.3437006323661],[-74.4641129289884,39.3435436374807],[-74.4641062810982,39.3435352497697]]}},{"type":"Feature","id":434879,"properties":{"OBJECTID":434879,"PRIMENAME":"Boardwalk","ELEVTYP_F":0,"ELEVTYP_T":0},"geometry":{"type":"LineString","coordinates":[[-74.4692000592684,39.3410636158477],[-74.4696773643844,39.3408335492967],[-74.4697439072739,39.3408002023118]]}},{"type":"Feature","id":434880,"properties":{"OBJECTID":434880,"PRIMENAME":"Boardwalk","ELEVTYP_F":0,"ELEVTYP_T":0},"geometry":{"type":"LineString","coordinates":[[-74.4686931530269,39.3413157694075],[-74.4687006186488,39.3413122078005],[-74.4691926679435,39.3410671784074],[-74.4692000592684,39.3410636158477]]}},{"type":"Feature","id":434881,"properties":{"OBJECTID":434881,"PRIMENAME":"Boardwalk","ELEVTYP_F":0,"ELEVTYP_T":0},"geometry":{"type":"LineString","coordinates":[[-74.4681689795335,39.3415658369523],[-74.4686931530269,39.3413157694075]]}},{"type":"Feature","id":434882,"properties":{"OBJECTID":434882,"PRIMENAME":"Boardwalk","ELEVTYP_F":0,"ELEVTYP_T":0},"geometry":{"type":"LineString","coordinates":[[-74.4676472181685,39.3418222949613],[-74.4681571648746,39.3415714737084],[-74.4681689795335,39.3415658369523]]}},{"type":"Feature","id":434883,"properties":{"OBJECTID":434883,"PRIMENAME":"Boardwalk","ELEVTYP_F":0,"ELEVTYP_T":0},"geometry":{"type":"LineString","coordinates":[[-74.4665961163486,39.3423284393534],[-74.4673346247785,39.3419760448166],[-74.4676472181685,39.3418222949613]]}},{"type":"Feature","id":434884,"properties":{"OBJECTID":434884,"PRIMENAME":"Boardwalk","ELEVTYP_F":0,"ELEVTYP_T":0},"geometry":{"type":"LineString","coordinates":[[-74.4660730459286,39.3425862014778],[-74.4665524735642,39.3423492644144],[-74.4665961163486,39.3423284393534]]}},{"type":"Feature","id":434885,"properties":{"OBJECTID":434885,"PRIMENAME":"Boardwalk","ELEVTYP_F":0,"ELEVTYP_T":0},"geometry":{"type":"LineString","coordinates":[[-74.4655446660124,39.3428424886414],[-74.4660163422645,39.3426142245243],[-74.4660730459286,39.3425862014778]]}},{"type":"Feature","id":434886,"properties":{"OBJECTID":434886,"PRIMENAME":"Boardwalk","ELEVTYP_F":0,"ELEVTYP_T":0},"geometry":{"type":"LineString","coordinates":[[-74.4645019396353,39.3433470977379],[-74.4650205133518,39.3430961451937]]}},{"type":"Feature","id":434887,"properties":{"OBJECTID":434887,"PRIMENAME":"Boardwalk","ELEVTYP_F":0,"ELEVTYP_T":0},"geometry":{"type":"LineString","coordinates":[[-74.4641062810982,39.3435352497697],[-74.4645019396353,39.3433470977379]]}},{"type":"Feature","id":434888,"properties":{"OBJECTID":434888,"PRIMENAME":"Boardwalk","ELEVTYP_F":0,"ELEVTYP_T":0},"geometry":{"type":"LineString","coordinates":[[-74.4627774859448,39.3441668134428],[-74.4633177624049,39.3439102156575],[-74.4641062810982,39.3435352497697]]}},{"type":"Feature","id":488812,"properties":{"OBJECTID":488812,"PRIMENAME":"Wissahickon Avenue","ELEVTYP_F":0,"ELEVTYP_T":0},"geometry":{"type":"LineString","coordinates":[[-74.4849575958602,39.3334222344704],[-74.4849756342388,39.3334447958807],[-74.4852113611367,39.3337396335995]]}}]}
